Key,Value
daily_name_10001,Honest Commander
daily_name_10002,Power Up
daily_name_10003,Collection Complete
daily_name_10004,Time Is Gold
daily_name_10005,Making New Friends
daily_name_10006,Always Come Prepared
daily_name_10007,Partnering Up
daily_name_10008,Movin' On Up
daily_name_10009,Running Errands
daily_description_10001,Participate in {0} Campaign(s)
daily_description_10002,Upgrade a Nikke {0} time(s)
daily_description_10003,Receive Outpost Defense rewards {0} time(s)
daily_description_10004,Wipe Out {0} time(s)
daily_description_10005,Send Friendship Points {0} time(s)
daily_description_10006,Upgrade equipment {0} time(s)
daily_description_10007,Recruit Nikkes {0} time(s)
daily_description_10008,Take on the Tribe Tower {0} time(s)
daily_description_10009,Dispatch {0} time(s)
weekly_name_20001,Shopaholic I
weekly_name_20002,Shopaholic II
weekly_name_20003,Limit Break
weekly_name_20004,Head Hunter
weekly_name_20005,Dispatch Prowess
weekly_name_20006,All The Way To The Top
weekly_name_20007,Social Butterfly
weekly_description_20001,Purchase items in Common Shop {0} time(s)
weekly_description_20002,Purchase an item in the Union Shop {0} time(s)
weekly_description_20003,Break a Nikke's Limit and reinforce their Core {0} time(s)
weekly_description_20004,Recruit Nikkes {0} time(s)
weekly_description_20005,Dispatch {0} time(s)
weekly_description_20006,Take on the Tribe Tower {0} time(s)
weekly_description_20007,Send Friendship Points {0} time(s)
achievement_name_30001,Steady Progress
achievement_name_30002,Greater Heights
achievement_name_30003,Unlocked Potential
achievement_name_30004,The Pinnacle
achievement_name_30005,Fairness of Hearts
achievement_name_30006,Start From Scratch
achievement_name_30007,Illustrious Designer
achievement_description_30001,Reach Commander Lv. {0}
achievement_description_30002,Upgrade a Nikke to Lv. {0} for the first time
achievement_description_30003,Break a Nikke's Limit to Stage {0} for the first time
achievement_description_30004,Reinforce a Nikke's Core to +{0} for the first time
achievement_description_30005,Reach Bond Lv. {0} with any Nikke for the first time
achievement_description_30006,Acquire a total of {0} Credits from Outpost Defense
achievement_description_30007,Upgrade any Outpost Building to Lv. {0}
challenge_name_40001,The One Who Remembers
challenge_name_40002,Brutal Grounds
challenge_name_40003,Perilous Pursuit
challenge_name_40004,Face The Unknown
challenge_name_40005,Queen of Hearts' Nemesis
challenge_name_40006,Newbie Climber
challenge_name_40007,Brave The Tower
challenge_name_40008,Renewal of Digits
challenge_name_40009,Monster Incoming
challenge_name_40010,Mock Battle Master
challenge_name_40011,Endless Ascension
challenge_name_40012,Addicted To Climbing
challenge_name_40013,Scale New Heights
challenge_name_40014,Tower-Climbing Powerhouse
challenge_name_40015,Thinnest of Air
challenge_name_40016,Unparalleled Climber
challenge_name_40017,Tower Rampager
challenge_name_40018,Tower Dominator
challenge_description_40001,Clear Chapter 1
challenge_description_40002,Clear Chapter 2
challenge_description_40003,Clear Chapter 3
challenge_description_40004,Clear Chapter 4
challenge_description_40005,Clear Chapter 5
challenge_description_40006,Clear Floor 1 of the Tribe Tower
challenge_description_40007,Clear Floor 5 of the Tribe Tower
challenge_description_40008,Clear Floor 10 of the Tribe Tower
challenge_description_40009,Clear Floor 15 of the Tribe Tower
challenge_description_40010,Clear Floor 20 of the Tribe Tower
challenge_description_40011,Clear Floor 25 of the Tribe Tower
challenge_description_40012,Clear Floor 30 of the Tribe Tower
challenge_description_40013,Clear Floor 35 of the Tribe Tower
challenge_description_40014,Clear Floor 40 of the Tribe Tower
challenge_description_40015,Clear Floor 45 of the Tribe Tower
challenge_description_40016,Clear Floor 50 of the Tribe Tower
challenge_description_40017,Clear Floor 55 of the Tribe Tower
challenge_description_40018,Clear Floor 60 of the Tribe Tower
bgmcollction01_step_01,Requiem for the Broken I
bgmcollction01_step_02,Requiem for the Broken II
bgmcollction01_step_03,Requiem for the Broken III
bgmcollction01_step_04,Requiem for the Broken IV
bgmcollction01_step_05,Requiem for the Broken V
bgmcollction01_step_06,Requiem for the Broken VI
bgmcollction01_step_07,Requiem for the Broken VII
bgmcollction01_step_08,Requiem for the Broken VIII
bgmcollction02_step_01,Homecoming Melody I
bgmcollction02_step_02,Homecoming Melody II
bgmcollction02_step_03,Homecoming Melody III
bgmcollction02_step_04,Homecoming Melody IV
bgmcollction02_step_05,Homecoming Melody V
bgmcollction03_step_01,Eternal Rhythm I
bgmcollction03_step_02,Eternal Rhythm II
bgmcollction03_step_03,Eternal Rhythm III
bgmcollction03_step_04,Eternal Rhythm IV
bgmcollction03_step_05,Eternal Rhythm V
bgmcollction03_step_06,Eternal Rhythm VI
bgmcollction03_step_07,Eternal Rhythm VII
bgmcollction03_step_08,Eternal Rhythm VIII
bgmcollction03_step_09,Eternal Rhythm IX
bgmcollction03_step_10,Eternal Rhythm X
bgmcollction03_step_11,Eternal Rhythm XI
bgmcollction03_step_12,Eternal Rhythm XII
bgmcollction03_step_13,Eternal Rhythm XIII
bgmcollction05_step_01,Lullaby of Slumber Forest I
bgmcollction05_step_02,Lullaby of Slumber Forest II
bgmcollction05_step_03,Lullaby of Slumber Forest III
bgmcollction05_step_04,Lullaby of Slumber Forest IV
bgmcollction05_step_05,Lullaby of Slumber Forest V
bgmcollction06_step_01,Beating Heart I
bgmcollction06_step_02,Beating Heart II
bgmcollction06_step_03,Beating Heart III
bgmcollction06_step_04,Beating Heart IV
bgmcollction06_step_05,Beating Heart V
bgmcollction06_step_06,Beating Heart VI
bgmcollction07_step_01,Cries of an Anguished Soul I
bgmcollction07_step_02,Cries of an Anguished Soul II
bgmcollction07_step_03,Cries of an Anguished Soul III
bgmcollction07_step_04,Cries of an Anguished Soul IV
bgmcollction07_step_05,Cries of an Anguished Soul V
bgmcollction07_step_06,Cries of an Anguished Soul VI
bgmcollction08_step_01,Hymn from Dreamland I
bgmcollction08_step_02,Hymn from Dreamland II
bgmcollction08_step_03,Hymn from Dreamland III
bgmcollction08_step_04,Hymn from Dreamland IV
bgmcollction09_step_01,Voice of Innocence I
bgmcollction09_step_02,Voice of Innocence II
bgmcollction09_step_03,Voice of Innocence III
bgmcollction09_step_04,Voice of Innocence IV
bgmcollction09_step_05,Voice of Innocence V
bgmcollction09_step_06,Voice of Innocence VI
bgmcollction09_step_07,Voice of Innocence VII
bgmcollction10_step_01,Revelry I
bgmcollction10_step_02,Revelry II
bgmcollction10_step_03,Revelry III
bgmcollction10_step_04,Revelry IV
bgmcollction10_step_05,Revelry V
bgmcollction11_step_01,Unyielding Chorus I
bgmcollction11_step_02,Unyielding Chorus II
bgmcollction11_step_03,Unyielding Chorus III
bgmcollction11_step_04,Unyielding Chorus IV
bgmcollction11_step_05,Unyielding Chorus V
bgmcollction12_step_01,Melancholy Hum I
bgmcollction12_step_02,Melancholy Hum II
bgmcollction12_step_03,Melancholy Hum III
bgmcollction12_step_04,Melancholy Hum IV
bgmcollction13_step_01,Deafening Roar I
bgmcollction13_step_02,Deafening Roar II
bgmcollction13_step_03,Deafening Roar III
bgmcollction13_step_04,Deafening Roar VI
bgmcollction14_step_01,Melody Engraved in the Soul I
bgmcollction14_step_02,Melody Engraved in the Soul II
bgmcollction14_step_03,Melody Engraved in the Soul III
bgmcollction14_step_04,Melody Engraved in the Soul IV
bgmcollction14_step_05,Melody Engraved in the Soul V
bgmcollction14_step_06,Melody Engraved in the Soul VI
bgmcollction15_step_01,Lost Old Song That Once Resounded I
bgmcollction15_step_02,Lost Old Song That Once Resounded II
bgmcollction15_step_03,Lost Old Song That Once Resounded III
bgmcollction15_step_04,Lost Old Song That Once Resounded IV
bgmcollction15_step_05,Lost Old Song That Once Resounded V
bgmcollction15_step_06,Lost Old Song That Once Resounded VI
bgmcollction15_step_07,Lost Old Song That Once Resounded VII
bgmcollction15_step_08,Lost Old Song That Once Resounded VIII
bgmcollction15_step_09,Lost Old Song That Once Resounded IX
bgmcollction15_step_10,Lost Old Song That Once Resounded X
bgmcollction15_step_11,Lost Old Song That Once Resounded XI
bgmcollction15_step_12,Lost Old Song That Once Resounded XII
bgmcollction16_step_01,What Should Have Happened Earlier I
bgmcollction16_step_02,What Should Have Happened Earlier II
bgmcollction16_step_03,What Should Have Happened Earlier III
bgmcollction16_step_04,What Should Have Happened Earlier IV
bgmcollction16_step_05,What Should Have Happened Earlier V
bgmcollction16_step_06,What Should Have Happened Earlier VI
bgmcollction16_step_07,What Should Have Happened Earlier VII
bgmcollction16_step_08,What Should Have Happened Earlier VIII
bgmcollction16_step_09,What Should Have Happened Earlier IX
bgmcollction17_step_01,Old But Good I
bgmcollction17_step_02,Old But Good II
bgmcollction17_step_03,Old But Good III
bgmcollction17_step_04,Old But Good IV
bgmcollction17_step_05,Old But Good V
bgmcollction17_step_06,Old But Good VI
bgmcollction17_step_07,Old But Good VII
bgmcollction18_step_01,"Onward, Towards New Places I"
bgmcollction18_step_02,"Onward, Towards New Places II"
bgmcollction18_step_03,"Onward, Towards New Places III"
bgmcollction18_step_04,"Onward, Towards New Places IV"
bgmcollction18_step_05,"Onward, Towards New Places V"
bgmcollction18_step_06,"Onward, Towards New Places VI"
bgmcollction18_step_07,"Onward, Towards New Places VII"
bgmcollction18_step_08,"Onward, Towards New Places VIII"
bgmcollction18_step_09,"Onward, Towards New Places IX"
bgmcollction18_step_10,"Onward, Towards New Places X"
bgmcollction19_step_01,The Rewritten Music Score I
bgmcollction19_step_02,The Rewritten Music Score II
bgmcollction19_step_03,The Rewritten Music Score III
bgmcollction19_step_04,The Rewritten Music Score IV
bgmcollction19_step_05,The Rewritten Music Score V
bgmcollction19_step_06,The Rewritten Music Score VI
bgmcollction19_step_07,The Rewritten Music Score VII
bgmcollction19_step_08,The Rewritten Music Score VIII
bgmcollction19_step_09,The Rewritten Music Score IX
bgmcollction19_step_10,The Rewritten Music Score X
bgmcollction19_step_11,The Rewritten Music Score XI
bgmcollction19_step_12,The Rewritten Music Score XII
bgmcollction19_step_13,The Rewritten Music Score XIII
bgmcollction20_step_01,An Anthem That Resounds Through Heaven and Earth I
bgmcollction20_step_02,An Anthem That Resounds Through Heaven and Earth II
bgmcollction20_step_03,An Anthem That Resounds Through Heaven and Earth III
bgmcollction20_step_04,An Anthem That Resounds Through Heaven and Earth IV
bgmcollction20_step_05,An Anthem That Resounds Through Heaven and Earth V
bgmcollction20_step_06,An Anthem That Resounds Through Heaven and Earth VI
bgmcollction20_step_07,An Anthem That Resounds Through Heaven and Earth VII
bgmcollction20_step_08,An Anthem That Resounds Through Heaven and Earth VIII
bgmcollction20_step_09,An Anthem That Resounds Through Heaven and Earth IX
bgmcollction20_step_10,An Anthem That Resounds Through Heaven and Earth X
bgmcollction20_step_11,An Anthem That Resounds Through Heaven and Earth XI
bgmcollction20_step_12,An Anthem That Resounds Through Heaven and Earth XII
bgmcollction20_step_13,An Anthem That Resounds Through Heaven and Earth XIII
bgmcollction20_step_14,An Anthem That Resounds Through Heaven and Earth XIV
bgmcollction20_step_15,An Anthem That Resounds Through Heaven and Earth XV
bgmcollction20_step_16,An Anthem That Resounds Through Heaven and Earth XVI
bgmcollction20_step_17,An Anthem That Resounds Through Heaven and Earth XVII
bgmcollction_description_1,Collect {0} piece(s) of {Locale_Bgm.bgm_theme_menu_01} BGM
bgmcollction_description_2,Collect {0} piece(s) of {Locale_Bgm.bgm_theme_lostsector_01} BGM
bgmcollction_description_3,Collect {0} piece(s) of {Locale_Bgm.bgm_theme_story_01} BGM
bgmcollction_description_4,Collect {0} piece(s) of {Locale_Bgm.bgm_theme_event_01} BGM
bgmcollction_description_5,Collect {0} piece(s) of {Locale_Bgm.bgm_theme_field_01} BGM
bgmcollction_description_6,Collect {0} piece(s) of {Locale_Bgm.bgm_theme_field_02} BGM
bgmcollction_description_7,Collect {0} piece(s) of {Locale_Bgm.bgm_theme_field_03} BGM
bgmcollction_description_8,Collect {0} piece(s) of {Locale_Bgm.bgm_theme_field_04} BGM
bgmcollction_description_9,Collect {0} piece(s) of {Locale_Bgm.bgm_theme_field_05} BGM
bgmcollction_description_10,Collect {0} piece(s) of {Locale_Bgm.bgm_theme_field_06} BGM
bgmcollction_description_11,Collect {0} piece(s) of {Locale_Bgm.bgm_theme_field_07} BGM
bgmcollction_description_12,Collect {0} piece(s) of {Locale_Bgm.bgm_theme_field_08} BGM
bgmcollction_description_13,Collect {0} piece(s) of {Locale_Bgm.bgm_theme_field_09} BGM
bgmcollction_description_14,Collect {0} piece(s) of {Locale_Bgm.bgm_theme_field_10} BGM
bgmcollction_description_15,Collect {0} piece(s) of {Locale_Bgm.bgm_theme_field_11} BGM
bgmcollction_description_16,Collect {0} piece(s) of {Locale_Bgm.bgm_theme_field_12} BGM
bgmcollction_description_17,Collect {0} piece(s) of {Locale_Bgm.bgm_theme_field_13} BGM
bgmcollction_description_18,Collect {0} piece(s) of {Locale_Bgm.bgm_theme_field_14} BGM
bgmcollction_description_19,Collect {0} piece(s) of {Locale_Bgm.bgm_theme_field_15} BGM
bgmcollction_description_20,Collect {0} piece(s) of {Locale_Bgm.bgm_theme_field_16} BGM
bgmcollction_description_21,Collect {0} piece(s) of {Locale_Bgm.bgm_theme_field_17} BGM
trigger_name_CampaignStart,Campaign
trigger_name_CharacterLevelUp,Nikke
trigger_name_OutpostBattleReward,Outpost
trigger_name_OutpostFastBattleReward,Outpost
trigger_name_SendFriendShipPoint,Friend
trigger_name_EquipmentLevelExp,Equip
trigger_name_GachaCharacter,Recruit
trigger_name_TowerAllStart,Tower
trigger_name_SendDispatch,Outpost
trigger_name_MainShopBuy,Shop
trigger_name_ShopGuildBuy,Shop
trigger_name_CharacterGradeUp,Nikke
trigger_name_UserLevel,Commander
trigger_name_CharacterLevel,Nikke
trigger_name_CharacterGrade,Nikke
trigger_name_CharacterCore,Nikke
trigger_name_CharacterAttractiveLevel,Bond
trigger_name_OutpostBattleRewardAccumulate,Outpost
trigger_name_OutpostBuildingLevel,Outpost
trigger_name_ObtainCharacter,Recruit
trigger_name_GachaCompany,Recruit
trigger_name_ObtainCharacterSSR,Recruit
trigger_name_CharacterDismiss,Recruit
trigger_name_ObtainEquipItemT3T4,Equip
trigger_name_ObtainEquipItemT5T6,Equip
trigger_name_SubQuestClear,Messages
trigger_name_PointRewardAchievement,Challenge
trigger_name_CharacterCounsel,Bond
trigger_name_CharacterAttractivePresent,Bond
trigger_name_ChapterClear,Campaign
trigger_name_ChapterClear_1,Campaign
trigger_name_ChapterClear_2,Campaign
trigger_name_ChapterClear_3,Campaign
trigger_name_ChapterClear_4,Campaign
trigger_name_ChapterClear_5,Campaign
trigger_name_ChapterClear_6,Campaign
trigger_name_ChapterClear_7,Campaign
trigger_name_TowerBasicClear,Tower
trigger_name_TowerBasicClear_10005,Tower
trigger_name_TowerBasicClear_10010,Tower
trigger_name_TowerBasicClear_10020,Tower
trigger_name_TowerBasicClear_10030,Tower
trigger_name_TowerBasicClear_10040,Tower
trigger_name_TowerBasicClear_10050,Tower
trigger_name_TowerBasicClear_10060,Tower
trigger_name_TowerBasicClear_10070,Tower
trigger_name_CampaignClear,Campaign
trigger_name_EventStageClear,Event Dungeon
trigger_name_MinigameClear,Mini Game
trigger_name_ObtainItem,Obtained item
trigger_desc_CampaignStart,Participate in {0} Campaign(s)
trigger_desc_CharacterLevelUp,Upgrade a Nikke {0} time(s)
trigger_desc_OutpostBattleReward,Claim Outpost Defense rewards {0} time(s)
trigger_desc_OutpostFastBattleReward,Wipe Out {0} time(s)
trigger_desc_SendFriendShipPoint,Send Social Points {0} time(s)
trigger_desc_GetFriendShipPoint,Receive Social Points {0} time(s)
trigger_desc_EquipmentLevelExp,Upgrade equipment {0} time(s)
trigger_desc_GachaCharacter,Recruit Nikkes {0} time(s)
trigger_desc_PickupGachaCharacter,Obtain {0} Nikke(s) in Special Recruitment
trigger_desc_TowerAllStart,Take on the Tribe Tower {0} time(s)
trigger_desc_SendDispatch,Dispatch {0} time(s)
trigger_desc_MainShopBuy,Purchase items in Common Shop {0} time(s)
trigger_desc_ShopGuildBuy,Purchase an item in the Union Shop {0} time(s)
trigger_desc_CharacterGradeUp,Break a Nikke's Limit and reinforce their Core {0} time(s)
trigger_desc_UserLevel,Reach Commander Lv. {0}
trigger_desc_CharacterLevel,Upgrade a Nikke to Lv. {0} for the first time
trigger_desc_CharacterGrade,Break a Nikke's Limit to Stage {0} for the first time
trigger_desc_CharacterCore,Enhance a Nikke's Core {0} time(s)
trigger_desc_CharacterAttractiveLevel,Reach Bond Lv. {0} with any Nikke for the first time
trigger_desc_OutpostBattleRewardAccumulate,Acquire a total of {0} Credits from Outpost Defense
trigger_desc_OutpostBuildingLevel,Upgrade any Outpost Building to Lv. {0}
trigger_desc_ObtainCharacter,Recruit {0} Nikke(s)
trigger_desc_GachaCompany,Recruit {0} Nikke(s) belonging to a certain manufacturer
trigger_desc_ObtainCharacterSSR,Recruit {0} SSR Nikke(s)
trigger_desc_ObtainCharacterSSR_First,Recruit a SSR Nikke for the first time
trigger_desc_CharacterDismiss,Dismantle {0} Nikke Shard(s)
trigger_desc_ObtainEquipItemT3T4,Obtain {0} piece(s) of Tier 3-4 equipment
trigger_desc_ObtainEquipItemT5T6,Obtain {0} piece(s) of Tier 5-6 equipment
trigger_desc_SubQuestClear,Clear {0} Side Mission(s)
trigger_desc_PointRewardAchievement,Complete {0} Challenge(s)
trigger_desc_CharacterCounsel,Advise Nikkes {0} time(s)
trigger_desc_CharacterAttractivePresent,Send {0} gift(s) to Nikkes
trigger_desc_ObtainEventCurrencyMaterialMiraclesnow,Obtain {0} Snowflake Crystal(s)
trigger_desc_ObtainEventCurrencyMaterialCE01,Obtain {0} Unknown Data
trigger_desc_ObtainEventCurrencyMaterialOZ,Obtain {0} piece(s) of Engraved Memory
trigger_desc_ObtainEventCurrencyMaterialBI,Obtain {0} pearl(s)
trigger_desc_ObtainEventCurrencyMaterialSYA,Obtain {0} anchor(s)
trigger_desc_ObtainEventCurrencyMaterialCE002,Obtain {0} Unknown Data O.A
trigger_desc_ObtainEventCurrencyMaterialRA,Obtain {0} Cassette Tape(s)
trigger_desc_ObtainEventCurrencyMaterialNL,Obtain {0} bottle(s) of Cold Milk
trigger_desc_ObtainEventCurrencyMaterialCE003,Obtain {0} Unknown Data Re.
trigger_desc_ObtainEventCurrencyMaterialLK,Obtain {0} Crown Kingdom Commemorative Coin(s)
trigger_desc_ObtainEventCurrencyMaterialGCR,Obtain {0} Tetra Gold Key(s)
trigger_desc_ObtainEventCurrencyMaterialBFS,Obtain {0} Pink Dolphin Sticker(s)
trigger_desc_ObtainEventCurrencyMaterialCE004,Obtain {0} Unknown Data E.V.
trigger_desc_ObtainEventCurrencyMaterialOT,Obtain {0} Mirror Fragment(s)
trigger_desc_ObtainEventCurrencyMaterialIDS,Obtain {0} money bag(s)
trigger_desc_EventDungeonStageClear_01,Clear any Event Stage {0} time(s)
trigger_desc_EventDungeonStageClear_02,Clear any Stage of Story I {0} time(s)
trigger_desc_EventDungeonStageClear_03,Clear any Stage of Story II {0} time(s)
trigger_desc_EventDungeonStageClear_04,Clear any Stage of Story III {0} time(s)
trigger_desc_EventSortOutClear,Play the Minigame {0} time(s)
trigger_desc_EventSortOutPoint,Achieve {0} Points in the Minigame
trigger_desc_CharacterSkillLevelUpCount,Upgrade Nikke skill {0} time(s)
trigger_desc_ShopDisassembleBuy,Purchase items in Body Label Shop {0} time(s)
trigger_desc_TextAdventureFinishedWM,Achieve White Memory Ending {0} time(s)
trigger_desc_EventBBQTycoonDailyRewardCheck,Obtain Daily Rewards of Barbecue Master {0} time(s)
trigger_desc_EventBBQTycoonHighScore,Reach a score of {0} in Barbecue Master
trigger_desc_EventMiniGameCe002PlayCheck,Perform hacking once
trigger_desc_EventMiniGameNKSPlayCheck,Play the MEMORY OF GODDESS {0} time(s)
trigger_desc_EventSnowfallOasisDailyRewardCheck,Obtain Daily Rewards of Snowfall Oasis {0} time(s)
trigger_desc_EventMiniGameCe003RewardCheck,Obtain Daily Rewards of Re:ADY TO ORDER {0} time(s)
trigger_desc_EventTowerDefensePlayCheck,Play the FOR THE KING {0} time(s)
trigger_desc_EventPlaySodaPlayCheck,"Play LET'S PLAY, SODA! {0} time(s)"
trigger_desc_EventIslandAdventureFishingPlayCheck,Fish in CORAL ISLAND ADVENTURE {0} time(s)
trigger_desc_EventMiniGameCe004RewardCheck,Obtain Daily Rewards of Battle Simulator {0} time(s)
trigger_desc_EventMVGPlayCheck,Play In The Mirror {0} time(s)
trigger_desc_EventDDRRewardCheck,Obtain daily rewards in Dragon Dungeon Run
trigger_desc_EventPirateCafeRewardCheck,Obtain daily rewards in PIRATE CAFE
trigger_desc_ObtainEventCurrencyMaterialCE005,Obtain {0} Unknown Data S.Q.
trigger_desc_EventMiniGameCe005RewardCheck,Complete any daily mission in RedSea Scout
trigger_desc_ObtainEventCurrencyMaterialUS,Obtain {0} Chain(s) of Fate
trigger_desc_EventMiniGameEBMPlayCheck,Play BUBBLE MARCH {0} time(s)
trigger_desc_EventMiniGameCE006PlayCheck,Play NAYTIBA RAID {0} time(s)
trigger_desc_ObtainEventCurrencyMaterialCE006,Obtain {0} Fusion Cell(s)
trigger_desc_EventBFGCleanUpRewardCheck,Obtain daily rewards in BFG CLEAN UP!
trigger_desc_ObtainEventCurrencyMaterialBTG,Obtain {0} Premium Tea Bag(s)
trigger_desc_ChapterClear,Clear Chapter {0}
trigger_desc_ChapterClear_1,Clear Chapter 1
trigger_desc_ChapterClear_2,Clear Chapter 2
trigger_desc_ChapterClear_3,Clear Chapter 3
trigger_desc_ChapterClear_4,Clear Chapter 4
trigger_desc_ChapterClear_5,Clear Chapter 5
trigger_desc_ChapterClear_6,Clear Chapter 6
trigger_desc_ChapterClear_7,Clear Chapter 7
trigger_desc_ChapterClear_8,Clear Chapter 8
trigger_desc_ChapterClear_9,Clear Chapter 9
trigger_desc_ChapterClear_10,Clear Chapter 10
trigger_desc_ChapterClear_11,Clear Chapter 11
trigger_desc_ChapterClear_12,Clear Chapter 12
trigger_desc_ChapterClear_13,Clear Chapter 13
trigger_desc_ChapterClear_14,Clear Chapter 14
trigger_desc_ChapterClear_15,Clear Chapter 15
trigger_desc_ChapterClear_16,Clear Chapter 16
trigger_desc_ChapterClear_17,Clear Chapter 17
trigger_desc_ChapterClear_18,Clear Chapter 18
trigger_desc_ChapterClear_19,Clear Chapter 19
trigger_desc_ChapterClear_20,Clear Chapter 20
trigger_desc_ChapterClear_21,Clear Chapter 21
trigger_desc_ChapterClear_22,Clear Chapter 22
trigger_desc_ChapterClear_23,Clear Chapter 23
trigger_desc_ChapterClear_24,Clear Chapter 24
trigger_desc_ChapterClear_25,Clear Chapter 25
trigger_desc_ChapterClear_26,Clear Chapter 26
trigger_desc_ChapterClear_27,Clear Chapter 27
trigger_desc_ChapterClear_28,Clear Chapter 28
trigger_desc_ChapterClear_29,Clear Chapter 29
trigger_desc_ChapterClear_30,Clear Chapter 30
trigger_desc_ChapterClear_31,Clear Chapter 31
trigger_desc_ChapterClear_32,Clear Chapter 32
trigger_desc_ChapterClear_33,Clear Chapter 33
trigger_desc_ChapterClear_34,Clear Chapter 34
trigger_desc_ChapterClear_35,Clear Chapter 35
trigger_desc_ChapterClear_36,Clear Chapter 36
trigger_desc_ChapterClear_37,Clear Chapter 37
trigger_desc_ChapterClear_38,Clear Chapter 38
trigger_desc_ChapterClear_39,Clear Chapter 39
trigger_desc_ChapterClear_40,Clear Chapter 40
trigger_desc_HardChapterClear_1,Clear Hard Chapter 0
trigger_desc_HardChapterClear_2,Clear Hard Chapter 1
trigger_desc_HardChapterClear_3,Clear Hard Chapter 2
trigger_desc_HardChapterClear_4,Clear Hard Chapter 3
trigger_desc_HardChapterClear_5,Clear Hard Chapter 4
trigger_desc_HardChapterClear_6,Clear Hard Chapter 5
trigger_desc_HardChapterClear_7,Clear Hard Chapter 6
trigger_desc_HardChapterClear_8,Clear Hard Chapter 7
trigger_desc_HardChapterClear_9,Clear Hard Chapter 8
trigger_desc_HardChapterClear_10,Clear Hard Chapter 9
trigger_desc_HardChapterClear_11,Clear Hard Chapter 10
trigger_desc_HardChapterClear_12,Clear Hard Chapter 11
trigger_desc_HardChapterClear_13,Clear Hard Chapter 12
trigger_desc_HardChapterClear_14,Clear Hard Chapter 13
trigger_desc_HardChapterClear_15,Clear Hard Chapter 14
trigger_desc_HardChapterClear_16,Clear Hard Chapter 15
trigger_desc_HardChapterClear_17,Clear Hard Chapter 16
trigger_desc_HardChapterClear_18,Clear Hard Chapter 17
trigger_desc_HardChapterClear_19,Clear Hard Chapter 18
trigger_desc_HardChapterClear_20,Clear Hard Chapter 19
trigger_desc_HardChapterClear_21,Clear Hard Chapter 20
trigger_desc_HardChapterClear_22,Clear Hard Chapter 21
trigger_desc_HardChapterClear_23,Clear Hard Chapter 22
trigger_desc_HardChapterClear_24,Clear Hard Chapter 23
trigger_desc_HardChapterClear_25,Clear Hard Chapter 24
trigger_desc_HardChapterClear_26,Clear Hard Chapter 25
trigger_desc_HardChapterClear_27,Clear Hard Chapter 26
trigger_desc_HardChapterClear_28,Clear Hard Chapter 27
trigger_desc_HardChapterClear_29,Clear Hard Chapter 28
trigger_desc_HardChapterClear_30,Clear Hard Chapter 29
trigger_desc_HardChapterClear_31,Clear Hard Chapter 30
trigger_desc_HardChapterClear_32,Clear Hard Chapter 31
trigger_desc_HardChapterClear_33,Clear Hard Chapter 32
trigger_desc_HardChapterClear_34,Clear Hard Chapter 33
trigger_desc_HardChapterClear_35,Clear Hard Chapter 34
trigger_desc_HardChapterClear_36,Clear Hard Chapter 35
trigger_desc_HardChapterClear_37,Clear Hard Chapter 36
trigger_desc_HardChapterClear_38,Clear Hard Chapter 37
trigger_desc_HardChapterClear_39,Clear Hard Chapter 38
trigger_desc_HardChapterClear_40,Clear Hard Chapter 39
trigger_desc_HardChapterClear_41,Clear Hard Chapter 40
trigger_desc_TowerBasicClear,Clear Floor {0} of the Tribe Tower
trigger_desc_TowerBasicClear_10001,Clear Floor 1 of the Tribe Tower
trigger_desc_TowerBasicClear_10002,Clear Floor 2 of the Tribe Tower
trigger_desc_TowerBasicClear_10003,Clear Floor 3 of the Tribe Tower
trigger_desc_TowerBasicClear_10004,Clear Floor 4 of the Tribe Tower
trigger_desc_TowerBasicClear_10005,Clear Floor 5 of the Tribe Tower
trigger_desc_TowerBasicClear_10006,Clear Floor 6 of the Tribe Tower
trigger_desc_TowerBasicClear_10007,Clear Floor 7 of the Tribe Tower
trigger_desc_TowerBasicClear_10008,Clear Floor 8 of the Tribe Tower
trigger_desc_TowerBasicClear_10009,Clear Floor 9 of the Tribe Tower
trigger_desc_TowerBasicClear_10010,Clear Floor 10 of the Tribe Tower
trigger_desc_TowerBasicClear_10011,Clear Floor 11 of the Tribe Tower
trigger_desc_TowerBasicClear_10012,Clear Floor 12 of the Tribe Tower
trigger_desc_TowerBasicClear_10013,Clear Floor 13 of the Tribe Tower
trigger_desc_TowerBasicClear_10014,Clear Floor 14 of the Tribe Tower
trigger_desc_TowerBasicClear_10015,Clear Floor 15 of the Tribe Tower
trigger_desc_TowerBasicClear_10016,Clear Floor 16 of the Tribe Tower
trigger_desc_TowerBasicClear_10017,Clear Floor 17 of the Tribe Tower
trigger_desc_TowerBasicClear_10018,Clear Floor 18 of the Tribe Tower
trigger_desc_TowerBasicClear_10019,Clear Floor 19 of the Tribe Tower
trigger_desc_TowerBasicClear_10020,Clear Floor 20 of the Tribe Tower
trigger_desc_TowerBasicClear_10030,Clear Floor 30 of the Tribe Tower
trigger_desc_TowerBasicClear_10040,Clear Floor 40 of the Tribe Tower
trigger_desc_TowerBasicClear_10050,Clear Floor 50 of the Tribe Tower
trigger_desc_TowerBasicClear_10055,Clear Floor 55 of the Tribe Tower
trigger_desc_TowerBasicClear_10060,Clear Floor 60 of the Tribe Tower
trigger_desc_TowerBasicClear_10070,Clear Floor 70 of the Tribe Tower
trigger_desc_TowerBasicClear_10080,Clear Floor 80 of the Tribe Tower
trigger_desc_TowerBasicClear_10090,Clear Floor 90 of the Tribe Tower
trigger_desc_TowerBasicClear_10100,Clear Floor 100 of the Tribe Tower
trigger_desc_TowerBasicClear_10110,Clear Floor 110 of the Tribe Tower
trigger_desc_TowerBasicClear_10120,Clear Floor 120 of the Tribe Tower
trigger_desc_TowerBasicClear_10130,Clear Floor 130 of the Tribe Tower
trigger_desc_TowerBasicClear_10140,Clear Floor 140 of the Tribe Tower
trigger_desc_TowerBasicClear_10150,Clear Floor 150 of the Tribe Tower
trigger_desc_TowerBasicClear_10160,Clear Floor 160 of the Tribe Tower
trigger_desc_TowerBasicClear_10170,Clear Floor 170 of the Tribe Tower
trigger_desc_TowerBasicClear_10180,Clear Floor 180 of the Tribe Tower
trigger_desc_TowerBasicClear_10190,Clear Floor 190 of the Tribe Tower
trigger_desc_TowerBasicClear_10200,Clear Floor 200 of the Tribe Tower
trigger_desc_TowerBasicClear_10210,Clear Floor 210 of the Tribe Tower
trigger_desc_TowerBasicClear_10220,Clear Floor 220 of the Tribe Tower
trigger_desc_TowerBasicClear_10230,Clear Floor 230 of the Tribe Tower
trigger_desc_TowerBasicClear_10240,Clear Floor 240 of the Tribe Tower
trigger_desc_TowerBasicClear_10250,Clear Floor 250 of the Tribe Tower
trigger_desc_TowerBasicClear_10260,Clear Floor 260 of the Tribe Tower
trigger_desc_TowerBasicClear_10270,Clear Floor 270 of the Tribe Tower
trigger_desc_TowerBasicClear_10280,Clear Floor 280 of the Tribe Tower
trigger_desc_TowerBasicClear_10290,Clear Floor 290 of the Tribe Tower
trigger_desc_TowerBasicClear_10300,Clear Floor 300 of the Tribe Tower
trigger_desc_TowerBasicClear_10310,Clear Floor 310 of the Tribe Tower
trigger_desc_TowerBasicClear_10320,Clear Floor 320 of the Tribe Tower
trigger_desc_TowerBasicClear_10330,Clear Floor 330 of the Tribe Tower
trigger_desc_TowerBasicClear_10340,Clear Floor 340 of the Tribe Tower
trigger_desc_TowerBasicClear_10350,Clear Floor 350 of the Tribe Tower
trigger_desc_TowerBasicClear_10360,Clear Floor 360 of the Tribe Tower
trigger_desc_TowerBasicClear_10370,Clear Floor 370 of the Tribe Tower
trigger_desc_TowerBasicClear_10380,Clear Floor 380 of the Tribe Tower
trigger_desc_TowerBasicClear_10390,Clear Floor 390 of the Tribe Tower
trigger_desc_TowerBasicClear_10400,Clear Floor 400 of the Tribe Tower
trigger_desc_TowerBasicClear_10410,Clear Floor 410 of the Tribe Tower
trigger_desc_TowerBasicClear_10420,Clear Floor 420 of the Tribe Tower
trigger_desc_TowerBasicClear_10430,Clear Floor 430 of the Tribe Tower
trigger_desc_TowerBasicClear_10440,Clear Floor 440 of the Tribe Tower
trigger_desc_TowerBasicClear_10450,Clear Floor 450 of the Tribe Tower
trigger_desc_TowerBasicClear_10460,Clear Floor 460 of the Tribe Tower
trigger_desc_TowerBasicClear_10470,Clear Floor 470 of the Tribe Tower
trigger_desc_TowerBasicClear_10480,Clear Floor 480 of the Tribe Tower
trigger_desc_TowerBasicClear_10490,Clear Floor 490 of the Tribe Tower
trigger_desc_TowerBasicClear_10500,Clear Floor 500 of the Tribe Tower
trigger_desc_TowerBasicClear_10510,Clear Floor 510 of the Tribe Tower
trigger_desc_TowerBasicClear_10520,Clear Floor 520 of the Tribe Tower
trigger_desc_TowerBasicClear_10530,Clear Floor 530 of the Tribe Tower
trigger_desc_TowerBasicClear_10540,Clear Floor 540 of the Tribe Tower
trigger_desc_TowerBasicClear_10550,Clear Floor 550 of the Tribe Tower
trigger_desc_TowerBasicClear_10560,Clear Floor 560 of the Tribe Tower
trigger_desc_TowerBasicClear_10570,Clear Floor 570 of the Tribe Tower
trigger_desc_TowerBasicClear_10580,Clear Floor 580 of the Tribe Tower
trigger_desc_TowerBasicClear_10590,Clear Floor 590 of the Tribe Tower
trigger_desc_TowerBasicClear_10600,Clear Floor 600 of the Tribe Tower
trigger_desc_TowerBasicClear_10610,Clear Floor 610 of the Tribe Tower
trigger_desc_TowerBasicClear_10620,Clear Floor 620 of the Tribe Tower
trigger_desc_TowerBasicClear_10630,Clear Floor 630 of the Tribe Tower
trigger_desc_TowerBasicClear_10640,Clear Floor 640 of the Tribe Tower
trigger_desc_TowerBasicClear_10650,Clear Floor 650 of the Tribe Tower
trigger_desc_TowerBasicClear_10660,Clear Floor 660 of the Tribe Tower
trigger_desc_TowerBasicClear_10670,Clear Floor 670 of the Tribe Tower
trigger_desc_TowerBasicClear_10680,Clear Floor 680 of the Tribe Tower
trigger_desc_TowerBasicClear_10690,Clear Floor 690 of the Tribe Tower
trigger_desc_TowerBasicClear_10700,Clear Floor 700 of the Tribe Tower
trigger_desc_TowerBasicClear_10710,Clear Floor 710 of the Tribe Tower
trigger_desc_TowerBasicClear_10720,Clear Floor 720 of the Tribe Tower
trigger_desc_TowerBasicClear_10730,Clear Floor 730 of the Tribe Tower
trigger_desc_TowerBasicClear_10740,Clear Floor 740 of the Tribe Tower
trigger_desc_TowerBasicClear_10750,Clear Floor 750 of the Tribe Tower
trigger_desc_TowerBasicClear_10760,Clear Floor 760 of the Tribe Tower
trigger_desc_TowerBasicClear_10770,Clear Floor 770 of the Tribe Tower
trigger_desc_TowerBasicClear_10780,Clear Floor 780 of the Tribe Tower
trigger_desc_TowerBasicClear_10790,Clear Floor 790 of the Tribe Tower
trigger_desc_TowerBasicClear_10800,Clear Floor 800 of the Tribe Tower
trigger_desc_TowerBasicClear_10810,Clear Floor 810 of the Tribe Tower
trigger_desc_TowerBasicClear_10820,Clear Floor 820 of the Tribe Tower
trigger_desc_TowerBasicClear_10830,Clear Floor 830 of the Tribe Tower
trigger_desc_TowerBasicClear_10840,Clear Floor 840 of the Tribe Tower
trigger_desc_TowerBasicClear_10850,Clear Floor 850 of the Tribe Tower
trigger_desc_TowerBasicClear_10860,Clear Floor 860 of the Tribe Tower
trigger_desc_TowerBasicClear_10870,Clear Floor 870 of the Tribe Tower
trigger_desc_TowerBasicClear_10880,Clear Floor 880 of the Tribe Tower
trigger_desc_TowerBasicClear_10890,Clear Floor 890 of the Tribe Tower
trigger_desc_TowerBasicClear_10900,Clear Floor 900 of the Tribe Tower
trigger_desc_TowerBasicClear_10910,Clear Floor 910 of the Tribe Tower
trigger_desc_TowerBasicClear_10920,Clear Floor 920 of the Tribe Tower
trigger_desc_TowerBasicClear_10930,Clear Floor 930 of the Tribe Tower
trigger_desc_TowerBasicClear_10940,Clear Floor 940 of the Tribe Tower
trigger_desc_TowerBasicClear_10950,Clear Floor 950 of the Tribe Tower
trigger_desc_TowerBasicClear_10960,Clear Floor 960 of the Tribe Tower
trigger_desc_TowerBasicClear_10970,Clear Floor 970 of the Tribe Tower
trigger_desc_TowerBasicClear_10980,Clear Floor 980 of the Tribe Tower
trigger_desc_TowerBasicClear_10990,Clear Floor 990 of the Tribe Tower
trigger_desc_TowerBasicClear_11000,"Clear Floor 1,000 of the Tribe Tower"
trigger_desc_TowerBasicClear_11010,"Clear Floor 1,010 of the Tribe Tower"
trigger_desc_TowerBasicClear_11020,"Clear Floor 1,020 of the Tribe Tower"
trigger_desc_TowerBasicClear_11030,"Clear Floor 1,030 of the Tribe Tower"
trigger_desc_TowerBasicClear_11040,"Clear Floor 1,040 of the Tribe Tower"
trigger_desc_TowerBasicClear_11050,"Clear Floor 1,050 of the Tribe Tower"
trigger_desc_TowerElysionClear_20005,Clear Floor 5 of the Elysion Tower
trigger_desc_TowerElysionClear_20010,Clear Floor 10 of the Elysion Tower
trigger_desc_TowerElysionClear_20015,Clear Floor 15 of the Elysion Tower
trigger_desc_TowerElysionClear_20020,Clear Floor 20 of the Elysion Tower
trigger_desc_TowerElysionClear_20030,Clear Floor 30 of the Elysion Tower
trigger_desc_TowerElysionClear_20040,Clear Floor 40 of the Elysion Tower
trigger_desc_TowerElysionClear_20050,Clear Floor 50 of the Elysion Tower
trigger_desc_TowerElysionClear_20060,Clear Floor 60 of the Elysion Tower
trigger_desc_TowerElysionClear_20070,Clear Floor 70 of the Elysion Tower
trigger_desc_TowerElysionClear_20080,Clear Floor 80 of the Elysion Tower
trigger_desc_TowerElysionClear_20090,Clear Floor 90 of the Elysion Tower
trigger_desc_TowerElysionClear_20100,Clear Floor 100 of the Elysion Tower
trigger_desc_TowerElysionClear_20110,Clear Floor 110 of the Elysion Tower
trigger_desc_TowerElysionClear_20120,Clear Floor 120 of the Elysion Tower
trigger_desc_TowerElysionClear_20130,Clear Floor 130 of the Elysion Tower
trigger_desc_TowerElysionClear_20140,Clear Floor 140 of the Elysion Tower
trigger_desc_TowerElysionClear_20150,Clear Floor 150 of the Elysion Tower
trigger_desc_TowerElysionClear_20160,Clear Floor 160 of the Elysion Tower
trigger_desc_TowerElysionClear_20170,Clear Floor 170 of the Elysion Tower
trigger_desc_TowerElysionClear_20180,Clear Floor 180 of the Elysion Tower
trigger_desc_TowerElysionClear_20190,Clear Floor 190 of the Elysion Tower
trigger_desc_TowerElysionClear_20200,Clear Floor 200 of the Elysion Tower
trigger_desc_TowerElysionClear_20210,Clear Floor 210 of the Elysion Tower
trigger_desc_TowerElysionClear_20220,Clear Floor 220 of the Elysion Tower
trigger_desc_TowerElysionClear_20230,Clear Floor 230 of the Elysion Tower
trigger_desc_TowerElysionClear_20240,Clear Floor 240 of the Elysion Tower
trigger_desc_TowerElysionClear_20250,Clear Floor 250 of the Elysion Tower
trigger_desc_TowerElysionClear_20260,Clear Floor 260 of the Elysion Tower
trigger_desc_TowerElysionClear_20270,Clear Floor 270 of the Elysion Tower
trigger_desc_TowerElysionClear_20280,Clear Floor 280 of the Elysion Tower
trigger_desc_TowerElysionClear_20290,Clear Floor 290 of the Elysion Tower
trigger_desc_TowerElysionClear_20300,Clear Floor 300 of the Elysion Tower
trigger_desc_TowerElysionClear_20310,Clear Floor 310 of the Elysion Tower
trigger_desc_TowerElysionClear_20320,Clear Floor 320 of the Elysion Tower
trigger_desc_TowerElysionClear_20330,Clear Floor 330 of the Elysion Tower
trigger_desc_TowerElysionClear_20340,Clear Floor 340 of the Elysion Tower
trigger_desc_TowerElysionClear_20350,Clear Floor 350 of the Elysion Tower
trigger_desc_TowerElysionClear_20360,Clear Floor 360 of the Elysion Tower
trigger_desc_TowerElysionClear_20370,Clear Floor 370 of the Elysion Tower
trigger_desc_TowerElysionClear_20380,Clear Floor 380 of the Elysion Tower
trigger_desc_TowerElysionClear_20390,Clear Floor 390 of the Elysion Tower
trigger_desc_TowerElysionClear_20400,Clear Floor 400 of the Elysion Tower
trigger_desc_TowerElysionClear_20410,Clear Floor 410 of the Elysion Tower
trigger_desc_TowerElysionClear_20420,Clear Floor 420 of the Elysion Tower
trigger_desc_TowerElysionClear_20430,Clear Floor 430 of the Elysion Tower
trigger_desc_TowerElysionClear_20440,Clear Floor 440 of the Elysion Tower
trigger_desc_TowerElysionClear_20450,Clear Floor 450 of the Elysion Tower
trigger_desc_TowerElysionClear_20460,Clear Floor 460 of the Elysion Tower
trigger_desc_TowerElysionClear_20470,Clear Floor 470 of the Elysion Tower
trigger_desc_TowerElysionClear_20480,Clear Floor 480 of the Elysion Tower
trigger_desc_TowerElysionClear_20490,Clear Floor 490 of the Elysion Tower
trigger_desc_TowerElysionClear_20500,Clear Floor 500 of the Elysion Tower
trigger_desc_TowerElysionClear_20510,Clear Floor 510 of the Elysion Tower
trigger_desc_TowerElysionClear_20520,Clear Floor 520 of the Elysion Tower
trigger_desc_TowerElysionClear_20530,Clear Floor 530 of the Elysion Tower
trigger_desc_TowerElysionClear_20540,Clear Floor 540 of the Elysion Tower
trigger_desc_TowerElysionClear_20550,Clear Floor 550 of the Elysion Tower
trigger_desc_TowerElysionClear_20560,Clear Floor 560 of the Elysion Tower
trigger_desc_TowerElysionClear_20570,Clear Floor 570 of the Elysion Tower
trigger_desc_TowerElysionClear_20580,Clear Floor 580 of the Elysion Tower
trigger_desc_TowerElysionClear_20590,Clear Floor 590 of the Elysion Tower
trigger_desc_TowerElysionClear_20600,Clear Floor 600 of the Elysion Tower
trigger_desc_TowerElysionClear_20610,Clear Floor 610 of the Elysion Tower
trigger_desc_TowerElysionClear_20620,Clear Floor 620 of the Elysion Tower
trigger_desc_TowerElysionClear_20630,Clear Floor 630 of the Elysion Tower
trigger_desc_TowerElysionClear_20640,Clear Floor 640 of the Elysion Tower
trigger_desc_TowerElysionClear_20650,Clear Floor 650 of the Elysion Tower
trigger_desc_TowerElysionClear_20660,Clear Floor 660 of the Elysion Tower
trigger_desc_TowerElysionClear_20670,Clear Floor 670 of the Elysion Tower
trigger_desc_TowerElysionClear_20680,Clear Floor 680 of the Elysion Tower
trigger_desc_TowerElysionClear_20690,Clear Floor 690 of the Elysion Tower
trigger_desc_TowerElysionClear_20700,Clear Floor 700 of the Elysion Tower
trigger_desc_TowerElysionClear_20710,Clear Floor 710 of the Elysion Tower
trigger_desc_TowerElysionClear_20720,Clear Floor 720 of the Elysion Tower
trigger_desc_TowerElysionClear_20730,Clear Floor 730 of the Elysion Tower
trigger_desc_TowerElysionClear_20740,Clear Floor 740 of the Elysion Tower
trigger_desc_TowerElysionClear_20750,Clear Floor 750 of the Elysion Tower
trigger_desc_TowerElysionClear_20760,Clear Floor 760 of the Elysion Tower
trigger_desc_TowerElysionClear_20770,Clear Floor 770 of the Elysion Tower
trigger_desc_TowerElysionClear_20780,Clear Floor 780 of the Elysion Tower
trigger_desc_TowerElysionClear_20790,Clear Floor 790 of the Elysion Tower
trigger_desc_TowerElysionClear_20800,Clear Floor 800 of the Elysion Tower
trigger_desc_TowerElysionClear_20810,Clear Floor 810 of the Elysion Tower
trigger_desc_TowerElysionClear_20820,Clear Floor 820 of the Elysion Tower
trigger_desc_TowerElysionClear_20830,Clear Floor 830 of the Elysion Tower
trigger_desc_TowerElysionClear_20840,Clear Floor 840 of the Elysion Tower
trigger_desc_TowerElysionClear_20850,Clear Floor 850 of the Elysion Tower
trigger_desc_TowerElysionClear_20860,Clear Floor 860 of the Elysion Tower
trigger_desc_TowerElysionClear_20870,Clear Floor 870 of the Elysion Tower
trigger_desc_TowerElysionClear_20880,Clear Floor 880 of the Elysion Tower
trigger_desc_TowerElysionClear_20890,Clear Floor 890 of the Elysion Tower
trigger_desc_TowerElysionClear_20900,Clear Floor 900 of the Elysion Tower
trigger_desc_TowerElysionClear_20910,Clear Floor 910 of the Elysion Tower
trigger_desc_TowerElysionClear_20920,Clear Floor 920 of the Elysion Tower
trigger_desc_TowerElysionClear_20930,Clear Floor 930 of the Elysion Tower
trigger_desc_TowerElysionClear_20940,Clear Floor 940 of the Elysion Tower
trigger_desc_TowerElysionClear_20950,Clear Floor 950 of the Elysion Tower
trigger_desc_TowerMissilisClear_30005,Clear Floor 5 of the Missilis Tower
trigger_desc_TowerMissilisClear_30010,Clear Floor 10 of the Missilis Tower
trigger_desc_TowerMissilisClear_30015,Clear Floor 15 of the Missilis Tower
trigger_desc_TowerMissilisClear_30020,Clear Floor 20 of the Missilis Tower
trigger_desc_TowerMissilisClear_30030,Clear Floor 30 of the Missilis Tower
trigger_desc_TowerMissilisClear_30040,Clear Floor 40 of the Missilis Tower
trigger_desc_TowerMissilisClear_30050,Clear Floor 50 of the Missilis Tower
trigger_desc_TowerMissilisClear_30060,Clear Floor 60 of the Missilis Tower
trigger_desc_TowerMissilisClear_30070,Clear Floor 70 of the Missilis Tower
trigger_desc_TowerMissilisClear_30080,Clear Floor 80 of the Missilis Tower
trigger_desc_TowerMissilisClear_30090,Clear Floor 90 of the Missilis Tower
trigger_desc_TowerMissilisClear_30100,Clear Floor 100 of the Missilis Tower
trigger_desc_TowerMissilisClear_30110,Clear Floor 110 of the Missilis Tower
trigger_desc_TowerMissilisClear_30120,Clear Floor 120 of the Missilis Tower
trigger_desc_TowerMissilisClear_30130,Clear Floor 130 of the Missilis Tower
trigger_desc_TowerMissilisClear_30140,Clear Floor 140 of the Missilis Tower
trigger_desc_TowerMissilisClear_30150,Clear Floor 150 of the Missilis Tower
trigger_desc_TowerMissilisClear_30160,Clear Floor 160 of the Missilis Tower
trigger_desc_TowerMissilisClear_30170,Clear Floor 170 of the Missilis Tower
trigger_desc_TowerMissilisClear_30180,Clear Floor 180 of the Missilis Tower
trigger_desc_TowerMissilisClear_30190,Clear Floor 190 of the Missilis Tower
trigger_desc_TowerMissilisClear_30200,Clear Floor 200 of the Missilis Tower
trigger_desc_TowerMissilisClear_30210,Clear Floor 210 of the Missilis Tower
trigger_desc_TowerMissilisClear_30220,Clear Floor 220 of the Missilis Tower
trigger_desc_TowerMissilisClear_30230,Clear Floor 230 of the Missilis Tower
trigger_desc_TowerMissilisClear_30240,Clear Floor 240 of the Missilis Tower
trigger_desc_TowerMissilisClear_30250,Clear Floor 250 of the Missilis Tower
trigger_desc_TowerMissilisClear_30260,Clear Floor 260 of the Missilis Tower
trigger_desc_TowerMissilisClear_30270,Clear Floor 270 of the Missilis Tower
trigger_desc_TowerMissilisClear_30280,Clear Floor 280 of the Missilis Tower
trigger_desc_TowerMissilisClear_30290,Clear Floor 290 of the Missilis Tower
trigger_desc_TowerMissilisClear_30300,Clear Floor 300 of the Missilis Tower
trigger_desc_TowerMissilisClear_30310,Clear Floor 310 of the Missilis Tower
trigger_desc_TowerMissilisClear_30320,Clear Floor 320 of the Missilis Tower
trigger_desc_TowerMissilisClear_30330,Clear Floor 330 of the Missilis Tower
trigger_desc_TowerMissilisClear_30340,Clear Floor 340 of the Missilis Tower
trigger_desc_TowerMissilisClear_30350,Clear Floor 350 of the Missilis Tower
trigger_desc_TowerMissilisClear_30360,Clear Floor 360 of the Missilis Tower
trigger_desc_TowerMissilisClear_30370,Clear Floor 370 of the Missilis Tower
trigger_desc_TowerMissilisClear_30380,Clear Floor 380 of the Missilis Tower
trigger_desc_TowerMissilisClear_30390,Clear Floor 390 of the Missilis Tower
trigger_desc_TowerMissilisClear_30400,Clear Floor 400 of the Missilis Tower
trigger_desc_TowerMissilisClear_30410,Clear Floor 410 of the Missilis Tower
trigger_desc_TowerMissilisClear_30420,Clear Floor 420 of the Missilis Tower
trigger_desc_TowerMissilisClear_30430,Clear Floor 430 of the Missilis Tower
trigger_desc_TowerMissilisClear_30440,Clear Floor 440 of the Missilis Tower
trigger_desc_TowerMissilisClear_30450,Clear Floor 450 of the Missilis Tower
trigger_desc_TowerMissilisClear_30460,Clear Floor 460 of the Missilis Tower
trigger_desc_TowerMissilisClear_30470,Clear Floor 470 of the Missilis Tower
trigger_desc_TowerMissilisClear_30480,Clear Floor 480 of the Missilis Tower
trigger_desc_TowerMissilisClear_30490,Clear Floor 490 of the Missilis Tower
trigger_desc_TowerMissilisClear_30500,Clear Floor 500 of the Missilis Tower
trigger_desc_TowerMissilisClear_30510,Clear Floor 510 of the Missilis Tower
trigger_desc_TowerMissilisClear_30520,Clear Floor 520 of the Missilis Tower
trigger_desc_TowerMissilisClear_30530,Clear Floor 530 of the Missilis Tower
trigger_desc_TowerMissilisClear_30540,Clear Floor 540 of the Missilis Tower
trigger_desc_TowerMissilisClear_30550,Clear Floor 550 of the Missilis Tower
trigger_desc_TowerMissilisClear_30560,Clear Floor 560 of the Missilis Tower
trigger_desc_TowerMissilisClear_30570,Clear Floor 570 of the Missilis Tower
trigger_desc_TowerMissilisClear_30580,Clear Floor 580 of the Missilis Tower
trigger_desc_TowerMissilisClear_30590,Clear Floor 590 of the Missilis Tower
trigger_desc_TowerMissilisClear_30600,Clear Floor 600 of the Missilis Tower
trigger_desc_TowerMissilisClear_30610,Clear Floor 610 of the Missilis Tower
trigger_desc_TowerMissilisClear_30620,Clear Floor 620 of the Missilis Tower
trigger_desc_TowerMissilisClear_30630,Clear Floor 630 of the Missilis Tower
trigger_desc_TowerMissilisClear_30640,Clear Floor 640 of the Missilis Tower
trigger_desc_TowerMissilisClear_30650,Clear Floor 650 of the Missilis Tower
trigger_desc_TowerMissilisClear_30660,Clear Floor 660 of the Missilis Tower
trigger_desc_TowerMissilisClear_30670,Clear Floor 670 of the Missilis Tower
trigger_desc_TowerMissilisClear_30680,Clear Floor 680 of the Missilis Tower
trigger_desc_TowerMissilisClear_30690,Clear Floor 690 of the Missilis Tower
trigger_desc_TowerMissilisClear_30700,Clear Floor 700 of the Missilis Tower
trigger_desc_TowerMissilisClear_30710,Clear Floor 710 of the Missilis Tower
trigger_desc_TowerMissilisClear_30720,Clear Floor 720 of the Missilis Tower
trigger_desc_TowerMissilisClear_30730,Clear Floor 730 of the Missilis Tower
trigger_desc_TowerMissilisClear_30740,Clear Floor 740 of the Missilis Tower
trigger_desc_TowerMissilisClear_30750,Clear Floor 750 of the Missilis Tower
trigger_desc_TowerMissilisClear_30760,Clear Floor 760 of the Missilis Tower
trigger_desc_TowerMissilisClear_30770,Clear Floor 770 of the Missilis Tower
trigger_desc_TowerMissilisClear_30780,Clear Floor 780 of the Missilis Tower
trigger_desc_TowerMissilisClear_30790,Clear Floor 790 of the Missilis Tower
trigger_desc_TowerMissilisClear_30800,Clear Floor 800 of the Missilis Tower
trigger_desc_TowerMissilisClear_30810,Clear Floor 810 of the Missilis Tower
trigger_desc_TowerMissilisClear_30820,Clear Floor 820 of the Missilis Tower
trigger_desc_TowerMissilisClear_30830,Clear Floor 830 of the Missilis Tower
trigger_desc_TowerMissilisClear_30840,Clear Floor 840 of the Missilis Tower
trigger_desc_TowerMissilisClear_30850,Clear Floor 850 of the Missilis Tower
trigger_desc_TowerMissilisClear_30860,Clear Floor 860 of the Missilis Tower
trigger_desc_TowerMissilisClear_30870,Clear Floor 870 of the Missilis Tower
trigger_desc_TowerMissilisClear_30880,Clear Floor 880 of the Missilis Tower
trigger_desc_TowerMissilisClear_30890,Clear Floor 890 of the Missilis Tower
trigger_desc_TowerMissilisClear_30900,Clear Floor 900 of the Missilis Tower
trigger_desc_TowerMissilisClear_30910,Clear Floor 910 of the Missilis Tower
trigger_desc_TowerMissilisClear_30920,Clear Floor 920 of the Missilis Tower
trigger_desc_TowerMissilisClear_30930,Clear Floor 930 of the Missilis Tower
trigger_desc_TowerMissilisClear_30940,Clear Floor 940 of the Missilis Tower
trigger_desc_TowerMissilisClear_30950,Clear Floor 950 of the Missilis Tower
trigger_desc_TowerTetraClear_40005,Clear Floor 5 of the Tetra Tower
trigger_desc_TowerTetraClear_40010,Clear Floor 10 of the Tetra Tower
trigger_desc_TowerTetraClear_40015,Clear Floor 15 of the Tetra Tower
trigger_desc_TowerTetraClear_40020,Clear Floor 20 of the Tetra Tower
trigger_desc_TowerTetraClear_40030,Clear Floor 30 of the Tetra Tower
trigger_desc_TowerTetraClear_40040,Clear Floor 40 of the Tetra Tower
trigger_desc_TowerTetraClear_40050,Clear Floor 50 of the Tetra Tower
trigger_desc_TowerTetraClear_40060,Clear Floor 60 of the Tetra Tower
trigger_desc_TowerTetraClear_40070,Clear Floor 70 of the Tetra Tower
trigger_desc_TowerTetraClear_40080,Clear Floor 80 of the Tetra Tower
trigger_desc_TowerTetraClear_40090,Clear Floor 90 of the Tetra Tower
trigger_desc_TowerTetraClear_40100,Clear Floor 100 of the Tetra Tower
trigger_desc_TowerTetraClear_40110,Clear Floor 110 of the Tetra Tower
trigger_desc_TowerTetraClear_40120,Clear Floor 120 of the Tetra Tower
trigger_desc_TowerTetraClear_40130,Clear Floor 130 of the Tetra Tower
trigger_desc_TowerTetraClear_40140,Clear Floor 140 of the Tetra Tower
trigger_desc_TowerTetraClear_40150,Clear Floor 150 of the Tetra Tower
trigger_desc_TowerTetraClear_40160,Clear Floor 160 of the Tetra Tower
trigger_desc_TowerTetraClear_40170,Clear Floor 170 of the Tetra Tower
trigger_desc_TowerTetraClear_40180,Clear Floor 180 of the Tetra Tower
trigger_desc_TowerTetraClear_40190,Clear Floor 190 of the Tetra Tower
trigger_desc_TowerTetraClear_40200,Clear Floor 200 of the Tetra Tower
trigger_desc_TowerTetraClear_40210,Clear Floor 210 of the Tetra Tower
trigger_desc_TowerTetraClear_40220,Clear Floor 220 of the Tetra Tower
trigger_desc_TowerTetraClear_40230,Clear Floor 230 of the Tetra Tower
trigger_desc_TowerTetraClear_40240,Clear Floor 240 of the Tetra Tower
trigger_desc_TowerTetraClear_40250,Clear Floor 250 of the Tetra Tower
trigger_desc_TowerTetraClear_40260,Clear Floor 260 of the Tetra Tower
trigger_desc_TowerTetraClear_40270,Clear Floor 270 of the Tetra Tower
trigger_desc_TowerTetraClear_40280,Clear Floor 280 of the Tetra Tower
trigger_desc_TowerTetraClear_40290,Clear Floor 290 of the Tetra Tower
trigger_desc_TowerTetraClear_40300,Clear Floor 300 of the Tetra Tower
trigger_desc_TowerTetraClear_40310,Clear Floor 310 of the Tetra Tower
trigger_desc_TowerTetraClear_40320,Clear Floor 320 of the Tetra Tower
trigger_desc_TowerTetraClear_40330,Clear Floor 330 of the Tetra Tower
trigger_desc_TowerTetraClear_40340,Clear Floor 340 of the Tetra Tower
trigger_desc_TowerTetraClear_40350,Clear Floor 350 of the Tetra Tower
trigger_desc_TowerTetraClear_40360,Clear Floor 360 of the Tetra Tower
trigger_desc_TowerTetraClear_40370,Clear Floor 370 of the Tetra Tower
trigger_desc_TowerTetraClear_40380,Clear Floor 380 of the Tetra Tower
trigger_desc_TowerTetraClear_40390,Clear Floor 390 of the Tetra Tower
trigger_desc_TowerTetraClear_40400,Clear Floor 400 of the Tetra Tower
trigger_desc_TowerTetraClear_40410,Clear Floor 410 of the Tetra Tower
trigger_desc_TowerTetraClear_40420,Clear Floor 420 of the Tetra Tower
trigger_desc_TowerTetraClear_40430,Clear Floor 430 of the Tetra Tower
trigger_desc_TowerTetraClear_40440,Clear Floor 440 of the Tetra Tower
trigger_desc_TowerTetraClear_40450,Clear Floor 450 of the Tetra Tower
trigger_desc_TowerTetraClear_40460,Clear Floor 460 of the Tetra Tower
trigger_desc_TowerTetraClear_40470,Clear Floor 470 of the Tetra Tower
trigger_desc_TowerTetraClear_40480,Clear Floor 480 of the Tetra Tower
trigger_desc_TowerTetraClear_40490,Clear Floor 490 of the Tetra Tower
trigger_desc_TowerTetraClear_40500,Clear Floor 500 of the Tetra Tower
trigger_desc_TowerTetraClear_40510,Clear Floor 510 of the Tetra Tower
trigger_desc_TowerTetraClear_40520,Clear Floor 520 of the Tetra Tower
trigger_desc_TowerTetraClear_40530,Clear Floor 530 of the Tetra Tower
trigger_desc_TowerTetraClear_40540,Clear Floor 540 of the Tetra Tower
trigger_desc_TowerTetraClear_40550,Clear Floor 550 of the Tetra Tower
trigger_desc_TowerTetraClear_40560,Clear Floor 560 of the Tetra Tower
trigger_desc_TowerTetraClear_40570,Clear Floor 570 of the Tetra Tower
trigger_desc_TowerTetraClear_40580,Clear Floor 580 of the Tetra Tower
trigger_desc_TowerTetraClear_40590,Clear Floor 590 of the Tetra Tower
trigger_desc_TowerTetraClear_40600,Clear Floor 600 of the Tetra Tower
trigger_desc_TowerTetraClear_40610,Clear Floor 610 of the Tetra Tower
trigger_desc_TowerTetraClear_40620,Clear Floor 620 of the Tetra Tower
trigger_desc_TowerTetraClear_40630,Clear Floor 630 of the Tetra Tower
trigger_desc_TowerTetraClear_40640,Clear Floor 640 of the Tetra Tower
trigger_desc_TowerTetraClear_40650,Clear Floor 650 of the Tetra Tower
trigger_desc_TowerTetraClear_40660,Clear Floor 660 of the Tetra Tower
trigger_desc_TowerTetraClear_40670,Clear Floor 670 of the Tetra Tower
trigger_desc_TowerTetraClear_40680,Clear Floor 680 of the Tetra Tower
trigger_desc_TowerTetraClear_40690,Clear Floor 690 of the Tetra Tower
trigger_desc_TowerTetraClear_40700,Clear Floor 700 of the Tetra Tower
trigger_desc_TowerTetraClear_40710,Clear Floor 710 of the Tetra Tower
trigger_desc_TowerTetraClear_40720,Clear Floor 720 of the Tetra Tower
trigger_desc_TowerTetraClear_40730,Clear Floor 730 of the Tetra Tower
trigger_desc_TowerTetraClear_40740,Clear Floor 740 of the Tetra Tower
trigger_desc_TowerTetraClear_40750,Clear Floor 750 of the Tetra Tower
trigger_desc_TowerTetraClear_40760,Clear Floor 760 of the Tetra Tower
trigger_desc_TowerTetraClear_40770,Clear Floor 770 of the Tetra Tower
trigger_desc_TowerTetraClear_40780,Clear Floor 780 of the Tetra Tower
trigger_desc_TowerTetraClear_40790,Clear Floor 790 of the Tetra Tower
trigger_desc_TowerTetraClear_40800,Clear Floor 800 of the Tetra Tower
trigger_desc_TowerTetraClear_40810,Clear Floor 810 of the Tetra Tower
trigger_desc_TowerTetraClear_40820,Clear Floor 820 of the Tetra Tower
trigger_desc_TowerTetraClear_40830,Clear Floor 830 of the Tetra Tower
trigger_desc_TowerTetraClear_40840,Clear Floor 840 of the Tetra Tower
trigger_desc_TowerTetraClear_40850,Clear Floor 850 of the Tetra Tower
trigger_desc_TowerTetraClear_40860,Clear Floor 860 of the Tetra Tower
trigger_desc_TowerTetraClear_40870,Clear Floor 870 of the Tetra Tower
trigger_desc_TowerTetraClear_40880,Clear Floor 880 of the Tetra Tower
trigger_desc_TowerTetraClear_40890,Clear Floor 890 of the Tetra Tower
trigger_desc_TowerTetraClear_40900,Clear Floor 900 of the Tetra Tower
trigger_desc_TowerTetraClear_40910,Clear Floor 910 of the Tetra Tower
trigger_desc_TowerTetraClear_40920,Clear Floor 920 of the Tetra Tower
trigger_desc_TowerTetraClear_40930,Clear Floor 930 of the Tetra Tower
trigger_desc_TowerTetraClear_40940,Clear Floor 940 of the Tetra Tower
trigger_desc_TowerTetraClear_40950,Clear Floor 950 of the Tetra Tower
trigger_desc_TowerPilgrimClear_50005,Clear Floor 5 of the Pilgrim Tower
trigger_desc_TowerPilgrimClear_50010,Clear Floor 10 of the Pilgrim Tower
trigger_desc_TowerPilgrimClear_50015,Clear Floor 15 of the Pilgrim Tower
trigger_desc_TowerPilgrimClear_50020,Clear Floor 20 of the Pilgrim Tower
trigger_desc_TowerPilgrimClear_50030,Clear Floor 30 of the Pilgrim Tower
trigger_desc_TowerPilgrimClear_50040,Clear Floor 40 of the Pilgrim Tower
trigger_desc_TowerPilgrimClear_50050,Clear Floor 50 of the Pilgrim Tower
trigger_desc_TowerPilgrimClear_50060,Clear Floor 60 of the Pilgrim Tower
trigger_desc_TowerPilgrimClear_50070,Clear Floor 70 of the Pilgrim Tower
trigger_desc_TowerPilgrimClear_50080,Clear Floor 80 of the Pilgrim Tower
trigger_desc_TowerPilgrimClear_50090,Clear Floor 90 of the Pilgrim Tower
trigger_desc_TowerPilgrimClear_50100,Clear Floor 100 of the Pilgrim Tower
trigger_desc_TowerPilgrimClear_50110,Clear Floor 110 of the Pilgrim Tower
trigger_desc_TowerPilgrimClear_50120,Clear Floor 120 of the Pilgrim Tower
trigger_desc_TowerPilgrimClear_50130,Clear Floor 130 of the Pilgrim Tower
trigger_desc_TowerPilgrimClear_50140,Clear Floor 140 of the Pilgrim Tower
trigger_desc_TowerPilgrimClear_50150,Clear Floor 150 of the Pilgrim Tower
trigger_desc_TowerPilgrimClear_50160,Clear Floor 160 of the Pilgrim Tower
trigger_desc_TowerPilgrimClear_50170,Clear Floor 170 of the Pilgrim Tower
trigger_desc_TowerPilgrimClear_50180,Clear Floor 180 of the Pilgrim Tower
trigger_desc_TowerPilgrimClear_50190,Clear Floor 190 of the Pilgrim Tower
trigger_desc_TowerPilgrimClear_50200,Clear Floor 200 of the Pilgrim Tower
trigger_desc_TowerPilgrimClear_50210,Clear Floor 210 of the Pilgrim Tower
trigger_desc_TowerPilgrimClear_50220,Clear Floor 220 of the Pilgrim Tower
trigger_desc_TowerPilgrimClear_50230,Clear Floor 230 of the Pilgrim Tower
trigger_desc_TowerPilgrimClear_50240,Clear Floor 240 of the Pilgrim Tower
trigger_desc_TowerPilgrimClear_50250,Clear Floor 250 of the Pilgrim Tower
trigger_desc_TowerPilgrimClear_50260,Clear Floor 260 of the Pilgrim Tower
trigger_desc_TowerPilgrimClear_50270,Clear Floor 270 of the Pilgrim Tower
trigger_desc_TowerPilgrimClear_50280,Clear Floor 280 of the Pilgrim Tower
trigger_desc_TowerPilgrimClear_50290,Clear Floor 290 of the Pilgrim Tower
trigger_desc_TowerPilgrimClear_50300,Clear Floor 300 of the Pilgrim Tower
trigger_desc_TowerPilgrimClear_50310,Clear Floor 310 of the Pilgrim Tower
trigger_desc_TowerPilgrimClear_50320,Clear Floor 320 of the Pilgrim Tower
trigger_desc_TowerPilgrimClear_50330,Clear Floor 330 of the Pilgrim Tower
trigger_desc_TowerPilgrimClear_50340,Clear Floor 340 of the Pilgrim Tower
trigger_desc_TowerPilgrimClear_50350,Clear Floor 350 of the Pilgrim Tower
trigger_desc_TowerPilgrimClear_50360,Clear Floor 360 of the Pilgrim Tower
trigger_desc_TowerPilgrimClear_50370,Clear Floor 370 of the Pilgrim Tower
trigger_desc_TowerPilgrimClear_50380,Clear Floor 380 of the Pilgrim Tower
trigger_desc_TowerPilgrimClear_50390,Clear Floor 390 of the Pilgrim Tower
trigger_desc_TowerPilgrimClear_50400,Clear Floor 400 of the Pilgrim Tower
trigger_desc_TowerPilgrimClear_50410,Clear Floor 410 of the Pilgrim Tower
trigger_desc_TowerPilgrimClear_50420,Clear Floor 420 of the Pilgrim Tower
trigger_desc_TowerPilgrimClear_50430,Clear Floor 430 of the Pilgrim Tower
trigger_desc_TowerPilgrimClear_50440,Clear Floor 440 of the Pilgrim Tower
trigger_desc_TowerPilgrimClear_50450,Clear Floor 450 of the Pilgrim Tower
trigger_desc_TowerPilgrimClear_50460,Clear Floor 460 of the Pilgrim Tower
trigger_desc_TowerPilgrimClear_50470,Clear Floor 470 of the Pilgrim Tower
trigger_desc_TowerPilgrimClear_50480,Clear Floor 480 of the Pilgrim Tower
trigger_desc_TowerPilgrimClear_50490,Clear Floor 490 of the Pilgrim Tower
trigger_desc_TowerPilgrimClear_50500,Clear Floor 500 of the Pilgrim Tower
trigger_desc_TowerPilgrimClear_50510,Clear Floor 510 of the Pilgrim Tower
trigger_desc_TowerPilgrimClear_50520,Clear Floor 520 of the Pilgrim Tower
trigger_desc_TowerPilgrimClear_50530,Clear Floor 530 of the Pilgrim Tower
trigger_desc_TowerPilgrimClear_50540,Clear Floor 540 of the Pilgrim Tower
trigger_desc_TowerPilgrimClear_50550,Clear Floor 550 of the Pilgrim Tower
trigger_desc_TowerPilgrimClear_50560,Clear Floor 560 of the Pilgrim Tower
trigger_desc_TowerPilgrimClear_50570,Clear Floor 570 of the Pilgrim Tower
trigger_desc_TowerPilgrimClear_50580,Clear Floor 580 of the Pilgrim Tower
trigger_desc_TowerPilgrimClear_50590,Clear Floor 590 of the Pilgrim Tower
trigger_desc_TowerPilgrimClear_50600,Clear Floor 600 of the Pilgrim Tower
trigger_desc_TowerPilgrimClear_50610,Clear Floor 610 of the Pilgrim Tower
trigger_desc_TowerPilgrimClear_50620,Clear Floor 620 of the Pilgrim Tower
trigger_desc_TowerPilgrimClear_50630,Clear Floor 630 of the Pilgrim Tower
trigger_desc_TowerPilgrimClear_50640,Clear Floor 640 of the Pilgrim Tower
trigger_desc_TowerPilgrimClear_50650,Clear Floor 650 of the Pilgrim Tower
trigger_desc_TowerPilgrimClear_50660,Clear Floor 660 of the Pilgrim Tower
trigger_desc_TowerPilgrimClear_50670,Clear Floor 670 of the Pilgrim Tower
trigger_desc_TowerPilgrimClear_50680,Clear Floor 680 of the Pilgrim Tower
trigger_desc_TowerPilgrimClear_50690,Clear Floor 690 of the Pilgrim Tower
trigger_desc_TowerPilgrimClear_50700,Clear Floor 700 of the Pilgrim Tower
trigger_desc_TowerPilgrimClear_50710,Clear Floor 710 of the Pilgrim Tower
trigger_desc_TowerPilgrimClear_50720,Clear Floor 720 of the Pilgrim Tower
trigger_desc_TowerPilgrimClear_50730,Clear Floor 730 of the Pilgrim Tower
trigger_desc_TowerPilgrimClear_50740,Clear Floor 740 of the Pilgrim Tower
trigger_desc_TowerPilgrimClear_50750,Clear Floor 750 of the Pilgrim Tower
trigger_desc_TowerPilgrimOverspecClear_50005,Clear Floor 5 of the Pilgrim/Over-spec Tower
trigger_desc_TowerPilgrimOverspecClear_50010,Clear Floor 10 of the Pilgrim/Over-spec Tower
trigger_desc_TowerPilgrimOverspecClear_50015,Clear Floor 15 of the Pilgrim/Over-spec Tower
trigger_desc_TowerPilgrimOverspecClear_50020,Clear Floor 20 of the Pilgrim/Over-spec Tower
trigger_desc_TowerPilgrimOverspecClear_50030,Clear Floor 30 of the Pilgrim/Over-spec Tower
trigger_desc_TowerPilgrimOverspecClear_50040,Clear Floor 40 of the Pilgrim/Over-spec Tower
trigger_desc_TowerPilgrimOverspecClear_50050,Clear Floor 50 of the Pilgrim/Over-spec Tower
trigger_desc_TowerPilgrimOverspecClear_50060,Clear Floor 60 of the Pilgrim/Over-spec Tower
trigger_desc_TowerPilgrimOverspecClear_50070,Clear Floor 70 of the Pilgrim/Over-spec Tower
trigger_desc_TowerPilgrimOverspecClear_50080,Clear Floor 80 of the Pilgrim/Over-spec Tower
trigger_desc_TowerPilgrimOverspecClear_50090,Clear Floor 90 of the Pilgrim/Over-spec Tower
trigger_desc_TowerPilgrimOverspecClear_50100,Clear Floor 100 of the Pilgrim/Over-spec Tower
trigger_desc_TowerPilgrimOverspecClear_50110,Clear Floor 110 of the Pilgrim/Over-spec Tower
trigger_desc_TowerPilgrimOverspecClear_50120,Clear Floor 120 of the Pilgrim/Over-spec Tower
trigger_desc_TowerPilgrimOverspecClear_50130,Clear Floor 130 of the Pilgrim/Over-spec Tower
trigger_desc_TowerPilgrimOverspecClear_50140,Clear Floor 140 of the Pilgrim/Over-spec Tower
trigger_desc_TowerPilgrimOverspecClear_50150,Clear Floor 150 of the Pilgrim/Over-spec Tower
trigger_desc_TowerPilgrimOverspecClear_50160,Clear Floor 160 of the Pilgrim/Over-spec Tower
trigger_desc_TowerPilgrimOverspecClear_50170,Clear Floor 170 of the Pilgrim/Over-spec Tower
trigger_desc_TowerPilgrimOverspecClear_50180,Clear Floor 180 of the Pilgrim/Over-spec Tower
trigger_desc_TowerPilgrimOverspecClear_50190,Clear Floor 190 of the Pilgrim/Over-spec Tower
trigger_desc_TowerPilgrimOverspecClear_50200,Clear Floor 200 of the Pilgrim/Over-spec Tower
trigger_desc_TowerPilgrimOverspecClear_50210,Clear Floor 210 of the Pilgrim/Over-spec Tower
trigger_desc_TowerPilgrimOverspecClear_50220,Clear Floor 220 of the Pilgrim/Over-spec Tower
trigger_desc_TowerPilgrimOverspecClear_50230,Clear Floor 230 of the Pilgrim/Over-spec Tower
trigger_desc_TowerPilgrimOverspecClear_50240,Clear Floor 240 of the Pilgrim/Over-spec Tower
trigger_desc_TowerPilgrimOverspecClear_50250,Clear Floor 250 of the Pilgrim/Over-spec Tower
trigger_desc_TowerPilgrimOverspecClear_50260,Clear Floor 260 of the Pilgrim/Over-spec Tower
trigger_desc_TowerPilgrimOverspecClear_50270,Clear Floor 270 of the Pilgrim/Over-spec Tower
trigger_desc_TowerPilgrimOverspecClear_50280,Clear Floor 280 of the Pilgrim/Over-spec Tower
trigger_desc_TowerPilgrimOverspecClear_50290,Clear Floor 290 of the Pilgrim/Over-spec Tower
trigger_desc_TowerPilgrimOverspecClear_50300,Clear Floor 300 of the Pilgrim/Over-spec Tower
trigger_desc_TowerPilgrimOverspecClear_50310,Clear Floor 310 of the Pilgrim/Over-spec Tower
trigger_desc_TowerPilgrimOverspecClear_50320,Clear Floor 320 of the Pilgrim/Over-spec Tower
trigger_desc_TowerPilgrimOverspecClear_50330,Clear Floor 330 of the Pilgrim/Over-spec Tower
trigger_desc_TowerPilgrimOverspecClear_50340,Clear Floor 340 of the Pilgrim/Over-spec Tower
trigger_desc_TowerPilgrimOverspecClear_50350,Clear Floor 350 of the Pilgrim/Over-spec Tower
trigger_desc_TowerPilgrimOverspecClear_50360,Clear Floor 360 of the Pilgrim/Over-spec Tower
trigger_desc_TowerPilgrimOverspecClear_50370,Clear Floor 370 of the Pilgrim/Over-spec Tower
trigger_desc_TowerPilgrimOverspecClear_50380,Clear Floor 380 of the Pilgrim/Over-spec Tower
trigger_desc_TowerPilgrimOverspecClear_50390,Clear Floor 390 of the Pilgrim/Over-spec Tower
trigger_desc_TowerPilgrimOverspecClear_50400,Clear Floor 400 of the Pilgrim/Over-spec Tower
trigger_desc_TowerPilgrimOverspecClear_50410,Clear Floor 410 of the Pilgrim/Over-spec Tower
trigger_desc_TowerPilgrimOverspecClear_50420,Clear Floor 420 of the Pilgrim/Over-spec Tower
trigger_desc_TowerPilgrimOverspecClear_50430,Clear Floor 430 of the Pilgrim/Over-spec Tower
trigger_desc_TowerPilgrimOverspecClear_50440,Clear Floor 440 of the Pilgrim/Over-spec Tower
trigger_desc_TowerPilgrimOverspecClear_50450,Clear Floor 450 of the Pilgrim/Over-spec Tower
trigger_desc_TowerPilgrimOverspecClear_50460,Clear Floor 460 of the Pilgrim/Over-spec Tower
trigger_desc_TowerPilgrimOverspecClear_50470,Clear Floor 470 of the Pilgrim/Over-spec Tower
trigger_desc_TowerPilgrimOverspecClear_50480,Clear Floor 480 of the Pilgrim/Over-spec Tower
trigger_desc_TowerPilgrimOverspecClear_50490,Clear Floor 490 of the Pilgrim/Over-spec Tower
trigger_desc_TowerPilgrimOverspecClear_50500,Clear Floor 500 of the Pilgrim/Over-spec Tower
trigger_desc_TowerPilgrimOverspecClear_50510,Clear Floor 510 of the Pilgrim/Over-spec Tower
trigger_desc_TowerPilgrimOverspecClear_50520,Clear Floor 520 of the Pilgrim/Over-spec Tower
trigger_desc_TowerPilgrimOverspecClear_50530,Clear Floor 530 of the Pilgrim/Over-spec Tower
trigger_desc_TowerPilgrimOverspecClear_50540,Clear Floor 540 of the Pilgrim/Over-spec Tower
trigger_desc_TowerPilgrimOverspecClear_50550,Clear Floor 550 of the Pilgrim/Over-spec Tower
trigger_desc_TowerPilgrimOverspecClear_50560,Clear Floor 560 of the Pilgrim/Over-spec Tower
trigger_desc_TowerPilgrimOverspecClear_50570,Clear Floor 570 of the Pilgrim/Over-spec Tower
trigger_desc_TowerPilgrimOverspecClear_50580,Clear Floor 580 of the Pilgrim/Over-spec Tower
trigger_desc_TowerPilgrimOverspecClear_50590,Clear Floor 590 of the Pilgrim/Over-spec Tower
trigger_desc_TowerPilgrimOverspecClear_50600,Clear Floor 600 of the Pilgrim/Over-spec Tower
trigger_desc_TowerPilgrimOverspecClear_50610,Clear Floor 610 of the Pilgrim/Over-spec Tower
trigger_desc_TowerPilgrimOverspecClear_50620,Clear Floor 620 of the Pilgrim/Over-spec Tower
trigger_desc_TowerPilgrimOverspecClear_50630,Clear Floor 630 of the Pilgrim/Over-spec Tower
trigger_desc_TowerPilgrimOverspecClear_50640,Clear Floor 640 of the Pilgrim/Over-spec Tower
trigger_desc_TowerPilgrimOverspecClear_50650,Clear Floor 650 of the Pilgrim/Over-spec Tower
trigger_desc_TowerPilgrimOverspecClear_50660,Clear Floor 660 of the Pilgrim/Over-spec Tower
trigger_desc_TowerPilgrimOverspecClear_50670,Clear Floor 670 of the Pilgrim/Over-spec Tower
trigger_desc_TowerPilgrimOverspecClear_50680,Clear Floor 680 of the Pilgrim/Over-spec Tower
trigger_desc_TowerPilgrimOverspecClear_50690,Clear Floor 690 of the Pilgrim/Over-spec Tower
trigger_desc_TowerPilgrimOverspecClear_50700,Clear Floor 700 of the Pilgrim/Over-spec Tower
trigger_desc_TowerPilgrimOverspecClear_50710,Clear Floor 710 of the Pilgrim/Over-spec Tower
trigger_desc_TowerPilgrimOverspecClear_50720,Clear Floor 720 of the Pilgrim/Over-spec Tower
trigger_desc_TowerPilgrimOverspecClear_50730,Clear Floor 730 of the Pilgrim/Over-spec Tower
trigger_desc_TowerPilgrimOverspecClear_50740,Clear Floor 740 of the Pilgrim/Over-spec Tower
trigger_desc_TowerPilgrimOverspecClear_50750,Clear Floor 750 of the Pilgrim/Over-spec Tower
trigger_desc_TowerPilgrimOverspecClear_50760,Clear Floor 760 of the Pilgrim/Over-spec Tower
trigger_desc_TowerPilgrimOverspecClear_50770,Clear Floor 770 of the Pilgrim/Over-spec Tower
trigger_desc_TowerPilgrimOverspecClear_50780,Clear Floor 780 of the Pilgrim/Over-spec Tower
trigger_desc_TowerPilgrimOverspecClear_50790,Clear Floor 790 of the Pilgrim/Over-spec Tower
trigger_desc_TowerPilgrimOverspecClear_50800,Clear Floor 800 of the Pilgrim/Over-spec Tower
trigger_desc_TowerPilgrimOverspecClear_50810,Clear Floor 810 of the Pilgrim/Over-spec Tower
trigger_desc_TowerPilgrimOverspecClear_50820,Clear Floor 820 of the Pilgrim/Over-spec Tower
trigger_desc_TowerPilgrimOverspecClear_50830,Clear Floor 830 of the Pilgrim/Over-spec Tower
trigger_desc_TowerPilgrimOverspecClear_50840,Clear Floor 840 of the Pilgrim/Over-spec Tower
trigger_desc_TowerPilgrimOverspecClear_50850,Clear Floor 850 of the Pilgrim/Over-spec Tower
trigger_desc_TowerPilgrimOverspecClear_50860,Clear Floor 860 of the Pilgrim/Over-spec Tower
trigger_desc_TowerPilgrimOverspecClear_50870,Clear Floor 870 of the Pilgrim/Over-spec Tower
trigger_desc_TowerPilgrimOverspecClear_50880,Clear Floor 880 of the Pilgrim/Over-spec Tower
trigger_desc_TowerPilgrimOverspecClear_50890,Clear Floor 890 of the Pilgrim/Over-spec Tower
trigger_desc_TowerPilgrimOverspecClear_50900,Clear Floor 900 of the Pilgrim/Over-spec Tower
trigger_desc_TowerPilgrimOverspecClear_50910,Clear Floor 910 of the Pilgrim/Over-spec Tower
trigger_desc_TowerPilgrimOverspecClear_50920,Clear Floor 920 of the Pilgrim/Over-spec Tower
trigger_desc_TowerPilgrimOverspecClear_50930,Clear Floor 930 of the Pilgrim/Over-spec Tower
trigger_desc_TowerPilgrimOverspecClear_50940,Clear Floor 940 of the Pilgrim/Over-spec Tower
trigger_desc_TowerPilgrimOverspecClear_50950,Clear Floor 950 of the Pilgrim/Over-spec Tower
trigger_desc_CampaignClear_6007039,Clear Stage 7-24
trigger_desc_LostSectorClear_1,Clear Sector 1 in Lost Sector
trigger_desc_LostSectorClear_2,Clear Sector 2 in Lost Sector
trigger_desc_LostSectorClear_3,Clear Sector 3 in Lost Sector
trigger_desc_LostSectorClear_4,Clear Sector 4 in Lost Sector
trigger_desc_LostSectorClear_5,Clear Sector EX-1 in Lost Sector
trigger_desc_LostSectorClear_5_1,Clear Sector 5 in Lost Sector
trigger_desc_LostSectorClear_6,Clear Sector 6 in Lost Sector
trigger_desc_LostSectorClear_7,Clear Sector 7 in Lost Sector
trigger_desc_LostSectorClear_8,Clear Sector 8 in Lost Sector
trigger_desc_LostSectorClear_9,Clear Sector 9 in Lost Sector
trigger_desc_OpenSideStory,Side Story unlocked
trigger_desc_BuyPackageListTid300109Check,Purchase a Daily Free Package in the Cash Shop
trigger_desc_SimulationRoomStart,Challenge Simulation Room {0} time(s)
trigger_desc_InterceptStart,Challenge Interception {0} time(s)
trigger_desc_EquipItemLevelCount,Enhance equipment {0} time(s)
trigger_desc_EquipItemLevelupCount,Raise equipment level {0} time(s)
trigger_desc_SimulationRoomClear,Clear Simulation Room Sector C {0} time(s)
trigger_desc_InterceptClear,Clear Interception {0} time(s)
trigger_desc_WinArena,Win {0} battle(s) in Rookie Arena
trigger_desc_ObtainEquipItemALL,Obtain {0} piece(s) of equipment
trigger_desc_PointRewardDaily,Obtain {0}P in daily missions
trigger_desc_PointRewardWeekly,Obtain {0}P in weekly missions
trigger_desc_PointRewardEventDaily,Obtain {0}P via daily event missions
trigger_desc_RecycleRoomPersonalLevel,Reach General Research Lv. {0} in the Recycling Room
trigger_desc_SimulationRoomClearWithoutCondition,Clear Simulation Room {0} time(s)
trigger_desc_ComebackPollComplete,Complete the survey
trigger_desc_ActiveComeBackUserEvent,Log into the game
trigger_desc_EnterEventList,Enter Events menu
trigger_desc_EnterEventArchive,Enter Event Archives menu
trigger_desc_EnterSideStory,Enter Side Story menu
trigger_desc_EnterArcadeMenu,Enter Arcade menu
trigger_desc_DailyEventClear_1,Complete all Day 1 Event Missions
trigger_desc_DailyEventClear_2,Complete all Day 2 Event Missions
trigger_desc_DailyEventClear_3,Complete all Day 3 Event Missions
trigger_desc_DailyEventClear_4,Complete all Day 4 Event Missions
trigger_desc_DailyEventClear_5,Complete all Day 5 Event Missions
trigger_desc_DailyEventClear_6,Complete all Day 6 Event Missions
trigger_desc_DailyEventClear_7,Complete all Day 7 Event Missions
trigger_desc_DailyEventClear_8,Complete all Day 8 Event Missions
trigger_desc_DailyEventClear_9,Complete all Day 9 Event Missions
trigger_desc_DailyEventClear_10,Complete all Day 10 Event Missions
trigger_desc_DailyEventClear_11,Complete all Day 11 Event Missions
trigger_desc_DailyEventClear_12,Complete all Day 12 Event Missions
trigger_desc_DailyEventClear_13,Complete all Day 13 Event Missions
trigger_desc_DailyEventClear_14,Complete all Day 14 Event Missions
daily_event_description_20801,Complete 70 missions to obtain the final reward
daily_event_description_20802,Complete all missions to obtain the final reward
daily_event_description_20803,Complete {0} Event Mission(s)
daily_event_description_20801_new,Complete 45 missions to obtain the final reward
trigger_desc_PointRewardAchievement_1_E,Complete {0} Challenge(s)
trigger_desc_EventStageClear_1_E_1_1,Clear Normal Event 1-1 {0} time(s)
trigger_desc_EventStageClear_1_E_1_2,Clear Normal Event 1-2 {0} time(s)
trigger_desc_EventStageClear_1_E_1_3,Clear Normal Event 1-3 {0} time(s)
trigger_desc_EventStageClear_1_E_1_4,Clear Normal Event 1-4 {0} time(s)
trigger_desc_EventStageClear_1_E_1_5,Clear Normal Event 1-5 {0} time(s)
trigger_desc_EventStageClear_1_E_1_6,Clear Normal Event 1-6 {0} time(s)
trigger_desc_EventStageClear_1_E_1_7,Clear Normal Event 1-7 {0} time(s)
trigger_desc_EventStageClear_1_E_1_8,Clear Normal Event 1-8 {0} time(s)
trigger_desc_EventStageClear_1_E_1_9,Clear Normal Event 1-9 {0} time(s)
trigger_desc_EventStageClear_1_E_1_10,Clear Normal Event 1-10 {0} time(s)
trigger_desc_EventStageClear_1_H_1_1,Clear Hard Event 1-1 {0} time(s)
trigger_desc_EventStageClear_1_H_1_2,Clear Hard Event 1-2 {0} time(s)
trigger_desc_EventStageClear_1_H_1_3,Clear Hard Event 1-3 {0} time(s)
trigger_desc_EventStageClear_1_H_1_4,Clear Hard Event 1-4 {0} time(s)
trigger_desc_EventStageClear_1_H_1_5,Clear Hard Event 1-5 {0} time(s)
trigger_desc_EventStageClear_1_H_1_6,Clear Hard Event 1-6 {0} time(s)
trigger_desc_EventStageClear_1_H_1_7,Clear Hard Event 1-7 {0} time(s)
trigger_desc_EventStageClear_1_H_1_8,Clear Hard Event 1-8 {0} time(s)
trigger_desc_EventStageClear_1_H_1_9,Clear Hard Event 1-9 {0} time(s)
trigger_desc_EventStageClear_1_H_1_10,Clear Hard Event 1-10 {0} time(s)
trigger_desc_PointRewardAchievement_2_E,Complete {0} Challenge(s)
trigger_desc_EventStageClear_2_E_1_1,Clear Normal Event 1-1 {0} time(s)
trigger_desc_EventStageClear_2_E_1_2,Clear Normal Event 1-2 {0} time(s)
trigger_desc_EventStageClear_2_E_1_3,Clear Normal Event 1-3 {0} time(s)
trigger_desc_EventStageClear_2_E_1_4,Clear Normal Event 1-4 {0} time(s)
trigger_desc_EventStageClear_2_E_1_5,Clear Normal Event 1-5 {0} time(s)
trigger_desc_EventStageClear_2_E_1_6,Clear Normal Event 1-6 {0} time(s)
trigger_desc_EventStageClear_2_E_1_7,Clear Normal Event 1-7 {0} time(s)
trigger_desc_EventStageClear_2_E_1_8,Clear Normal Event 1-8 {0} time(s)
trigger_desc_EventStageClear_2_E_1_9,Clear Normal Event 1-9 {0} time(s)
trigger_desc_EventStageClear_2_E_1_10,Clear Normal Event 1-10 {0} time(s)
trigger_desc_EventStageClear_2_E_1_11,Clear Normal Event 1-11 {0} time(s)
trigger_desc_EventStageClear_2_E_1_12,Clear Normal Event 1-12 {0} time(s)
trigger_desc_EventStageClear_2_H_1_1,Clear Hard Event 1-1 {0} time(s)
trigger_desc_EventStageClear_2_H_1_2,Clear Hard Event 1-2 {0} time(s)
trigger_desc_EventStageClear_2_H_1_3,Clear Hard Event 1-3 {0} time(s)
trigger_desc_EventStageClear_2_H_1_4,Clear Hard Event 1-4 {0} time(s)
trigger_desc_EventStageClear_2_H_1_5,Clear Hard Event 1-5 {0} time(s)
trigger_desc_EventStageClear_2_H_1_6,Clear Hard Event 1-6 {0} time(s)
trigger_desc_EventStageClear_2_H_1_7,Clear Hard Event 1-7 {0} time(s)
trigger_desc_EventStageClear_2_H_1_8,Clear Hard Event 1-8 {0} time(s)
trigger_desc_EventStageClear_2_H_1_9,Clear Hard Event 1-9 {0} time(s)
trigger_desc_EventStageClear_2_H_1_10,Clear Hard Event 1-10 {0} time(s)
trigger_desc_EventStageClear_2_H_1_11,Clear Hard Event 1-11 {0} time(s)
trigger_desc_EventStageClear_2_H_1_12,Clear Hard Event 1-12 {0} time(s)
trigger_desc_EventStageClear_3_E_1_1,Clear Normal Story I 1-1 Event {0} time(s)
trigger_desc_EventStageClear_3_E_1_2,Clear Normal Story I 1-2 Event {0} time(s)
trigger_desc_EventStageClear_3_E_1_3,Clear Normal Story I 1-3 Event {0} time(s)
trigger_desc_EventStageClear_3_E_1_4,Clear Normal Story I 1-4 Event {0} time(s)
trigger_desc_EventStageClear_3_E_1_5,Clear Normal Story I 1-5 Event {0} time(s)
trigger_desc_EventStageClear_3_E_1_6,Clear Normal Story I 1-6 Event {0} time(s)
trigger_desc_EventStageClear_3_E_1_7,Clear Normal Story I 1-7 Event {0} time(s)
trigger_desc_EventStageClear_3_E_1_8,Clear Normal Story I 1-8 Event {0} time(s)
trigger_desc_EventStageClear_3_E_1_9,Clear Normal Story I 1-9 Event {0} time(s)
trigger_desc_EventStageClear_3_E_1_10,Clear Normal Story I 1-10 Event {0} time(s)
trigger_desc_EventStageClear_3_E_1_11,Clear Normal Story I 1-11 Event {0} time(s)
trigger_desc_EventStageClear_3_E_1_12,Clear Normal Story I 1-12 Event {0} time(s)
trigger_desc_EventStageClear_3_E_A_1,Clear Normal Story I A-1 Event {0} time(s)
trigger_desc_EventStageClear_3_E_A_2,Clear Normal Story I A-2 Event {0} time(s)
trigger_desc_EventStageClear_3_E_A_3,Clear Normal Story I A-3 Event {0} time(s)
trigger_desc_EventStageClear_4_E_1_1,Clear Normal Story II 1-1 Event {0} time(s)
trigger_desc_EventStageClear_4_E_1_2,Clear Normal Story II 1-2 Event {0} time(s)
trigger_desc_EventStageClear_4_E_1_3,Clear Normal Story II 1-3 Event {0} time(s)
trigger_desc_EventStageClear_4_E_1_4,Clear Normal Story II 1-4 Event {0} time(s)
trigger_desc_EventStageClear_4_E_1_5,Clear Normal Story II 1-5 Event {0} time(s)
trigger_desc_EventStageClear_4_E_1_6,Clear Normal Story II 1-6 Event {0} time(s)
trigger_desc_EventStageClear_4_E_1_7,Clear Normal Story II 1-7 Event {0} time(s)
trigger_desc_EventStageClear_4_E_1_8,Clear Normal Story II 1-8 Event {0} time(s)
trigger_desc_EventStageClear_4_E_1_9,Clear Normal Story II 1-9 Event {0} time(s)
trigger_desc_EventStageClear_4_E_1_10,Clear Normal Story II 1-10 Event {0} time(s)
trigger_desc_EventStageClear_4_E_1_11,Clear Normal Story II 1-11 Event {0} time(s)
trigger_desc_EventStageClear_4_E_1_12,Clear Normal Story II 1-12 Event {0} time(s)
trigger_desc_EventStageClear_4_E_A_4,Clear Normal Story II A-4 Event {0} time(s)
trigger_desc_EventStageClear_4_E_A_5,Clear Normal Story II A-5 Event {0} time(s)
trigger_desc_EventStageClear_4_E_A_6,Clear Normal Story II A-6 Event {0} time(s)
trigger_desc_EventStageClear_4_E_A_7,Clear Normal Story II A-7 Event {0} time(s)
trigger_desc_EventStageClear_4_E_R_1,Clear Normal Story II R-1 Event {0} time(s)
trigger_desc_EventStageClear_4_E_R_2,Clear Normal Story II R-2 Event {0} time(s)
trigger_desc_EventStageClear_4_E_R_3,Clear Normal Story II R-3 Event {0} time(s)
trigger_desc_EventStageClear_4_E_0_0,Clear Normal Story II 0-0 Event {0} time(s)
trigger_desc_EventStageClear_4_E_0_1,Clear Normal Story II 0-1 Event {0} time(s)
trigger_desc_EventStageClear_4_E_0_2,Clear Normal Story II 0-2 Event {0} time(s)
trigger_desc_EventStageClear_4_E_0_3,Clear Normal Story II 0-3 Event {0} time(s)
trigger_desc_EventStageClear_4_E_0_4,Clear Normal Story II 0-4 Event {0} time(s)
trigger_desc_EventStageClear_4_E_0_5,Clear Normal Story II 0-5 Event {0} time(s)
trigger_desc_EventStageClear_4_E_0_6,Clear Normal Story II 0-6 Event {0} time(s)
trigger_desc_EventStageClear_4_E_0_7,Clear Normal Story II 0-7 Event {0} time(s)
trigger_desc_EventStageClear_4_E_0_8,Clear Normal Story II 0-8 Event {0} time(s)
trigger_desc_EventStageClear_4_E_0_9,Clear Normal Story II 0-9 Event {0} time(s)
trigger_desc_EventStageClear_4_E_0_10,Clear Normal Story II 0-10 Event {0} time(s)
trigger_desc_EventStageClear_4_E_0_11,Clear Normal Story II 0-11 Event {0} time(s)
trigger_desc_EventStageClear_4_H_1_1,Clear Hard Story II 1-1 Event {0} time(s)
trigger_desc_EventStageClear_4_H_1_2,Clear Hard Story II 1-2 Event {0} time(s)
trigger_desc_EventStageClear_4_H_1_3,Clear Hard Story II 1-3 Event {0} time(s)
trigger_desc_EventStageClear_4_H_1_4,Clear Hard Story II 1-4 Event {0} time(s)
trigger_desc_EventStageClear_4_H_1_5,Clear Hard Story II 1-5 Event {0} time(s)
trigger_desc_EventStageClear_4_H_1_6,Clear Hard Story II 1-6 Event {0} time(s)
trigger_desc_EventStageClear_4_H_1_7,Clear Hard Story II 1-7 Event {0} time(s)
trigger_desc_EventStageClear_4_H_1_8,Clear Hard Story II 1-8 Event {0} time(s)
trigger_desc_EventStageClear_4_H_1_9,Clear Hard Story II 1-9 Event {0} time(s)
trigger_desc_EventStageClear_4_H_1_10,Clear Hard Story II 1-10 Event {0} time(s)
trigger_desc_EventStageClear_4_H_1_11,Clear Hard Story II 1-11 Event {0} time(s)
trigger_desc_EventStageClear_4_H_1_12,Clear Hard Story II 1-12 Event {0} time(s)
trigger_desc_EventStageClear_4_H_1_13,Clear Hard Story II 1-13 Event {0} time(s)
trigger_desc_EventStageClear_4_H_1_14,Clear Hard Story II 1-14 Event {0} time(s)
trigger_desc_EventStageClear_4_H_1_15,Clear Hard Story II 1-15 Event {0} time(s)
trigger_desc_EventStageClear_4_H_1_16,Clear Hard Story II 1-16 Event {0} time(s)
trigger_desc_EventStageClear_5_E_1_1,Clear Normal Story III 1-1 Event {0} time(s)
trigger_desc_EventStageClear_5_E_1_2,Clear Normal Story III 1-2 Event {0} time(s)
trigger_desc_EventStageClear_5_E_1_3,Clear Normal Story III 1-3 Event {0} time(s)
trigger_desc_EventStageClear_5_E_1_4,Clear Normal Story III 1-4 Event {0} time(s)
trigger_desc_EventStageClear_5_E_1_5,Clear Normal Story III 1-5 Event {0} time(s)
trigger_desc_EventStageClear_5_E_1_6,Clear Normal Story III 1-6 Event {0} time(s)
trigger_desc_EventStageClear_5_E_1_7,Clear Normal Story III 1-7 Event {0} time(s)
trigger_desc_EventStageClear_5_E_1_8,Clear Normal Story III 1-8 Event {0} time(s)
trigger_desc_EventStageClear_5_E_1_9,Clear Normal Story III 1-9 Event {0} time(s)
trigger_desc_EventStageClear_5_E_1_10,Clear Normal Story III 1-10 Event {0} time(s)
trigger_desc_EventStageClear_5_E_1_11,Clear Normal Story III 1-11 Event {0} time(s)
trigger_desc_EventStageClear_5_E_1_12,Clear Normal Story III 1-12 Event {0} time(s)
trigger_desc_EventStageClear_5_H_1_1,Clear Hard Story III 1-1 Event {0} time(s)
trigger_desc_EventStageClear_5_H_1_2,Clear Hard Story III 1-2 Event {0} time(s)
trigger_desc_EventStageClear_5_H_1_3,Clear Hard Story III 1-3 Event {0} time(s)
trigger_desc_EventStageClear_5_H_1_4,Clear Hard Story III 1-4 Event {0} time(s)
trigger_desc_EventStageClear_5_H_1_5,Clear Hard Story III 1-5 Event {0} time(s)
trigger_desc_EventStageClear_5_H_1_6,Clear Hard Story III 1-6 Event {0} time(s)
trigger_desc_EventStageClear_5_H_1_7,Clear Hard Story III 1-7 Event {0} time(s)
trigger_desc_EventStageClear_5_H_1_8,Clear Hard Story III 1-8 Event {0} time(s)
trigger_desc_EventStageClear_5_H_1_9,Clear Hard Story III 1-9 Event {0} time(s)
trigger_desc_EventStageClear_5_H_1_10,Clear Hard Story III 1-10 Event {0} time(s)
trigger_desc_EventStageClear_5_H_1_11,Clear Hard Story III 1-11 Event {0} time(s)
trigger_desc_EventStageClear_5_H_1_12,Clear Hard Story III 1-12 Event {0} time(s)
TEST_PASS_NAME,Nikke Pass
TEST_PASS_DESCRIPTION,The Pass is a combat support program for Commanders and Nikkes.
pass_mission_1_name,Participate in {0} Campaign(s)
pass_mission_2_name,Complete Main Mission {0} time(s)
pass_mission_3_name,Purchase items in Common Shop {0} time(s)
pass_mission_4_name,Send Social Points {0} time(s)
pass_mission_5_name,Upgrade a Nikke {0} time(s)
pass_mission_6_name,Challenge any Tower {0} time(s)
pass_mission_7_name,Increase your Commander Level {0} time(s)
trigger_desc_FirstPaidGacha_Legacy,Recruit Nikkes in New Commander Special Recruitment
trigger_desc_ObtainCharacter_ce_01,Obtained Makima
trigger_desc_ObtainCharacter_ce_02_01,Obtain 2B
trigger_desc_ObtainCharacter_ce_02_02,Obtain A2
trigger_desc_ObtainCharacter_CE003_02,Obtain Emilia
trigger_desc_ObtainCharacter_CE003_01,Obtain Rem
trigger_desc_ObtainCharacter_CE004_01,Obtain Asuka
trigger_desc_ObtainCharacter_CE004_02,Obtain Rei
trigger_desc_ObtainCharacter_CE004_03,Obtain Mari
trigger_desc_ObtainCharacter_CE005_01,Obtain Asuka: WILLE
trigger_desc_ObtainCharacter_CE005_02,Obtain Rei (Tentative Name)
trigger_desc_ObtainCharacter_CE006_01,Obtain EVE
trigger_desc_ObtainCharacter_CE006_02,Obtain Raven
trigger_desc_CampaignClear_6006004,Clear 6-4 STAGE
trigger_desc_RookieArenaPlayCount,Play in the Rookie Arena {0} time(s)
trigger_desc_EventDicePlayCountVR,Take part in Volt Road {0} time(s)
trigger_desc_ChampionArenaGambleWinAll,Succeed in all cheering attempts in one Champion Arena season
trigger_desc_ChampionArenaGambleLoseAll,Fail all cheering attempts in one Champion Arena season
trigger_desc_TacticAcademyFinish9_4,Complete Tactics Academy 9-4
trigger_desc_AliceAccessAttractiveScenario_1,Watch Alice's Episode 1
trigger_desc_AliceAccessAttractiveScenario_2,Watch Alice's Episode 2
trigger_desc_AliceAccessAttractiveScenario_3,Watch Alice's Episode 3
trigger_desc_AliceAccessAttractiveScenario_4,Watch Alice's Episode 4
trigger_desc_AliceAccessAttractiveScenario_5,Watch Alice's Episode 5
trigger_desc_AliceSkill1Level,Upgrade Alice's Skill 1 to Lv. {0}
trigger_desc_CharacterAttractiveLevelMax_5004,Reach Bond Lv. {0} with Alice
trigger_desc_InterceptNormalClearWithCondition_S,Clear Interception S Stage {0} and above (includes Interception of higher level)
trigger_desc_SimulationRoomClearCount1Only_4A,Clear Simulation Room 4-A and above
trigger_desc_SimulationRoomClearCount1Only_4B,Clear Simulation Room 4-B and above
trigger_desc_SimulationRoomClearCount1Only_4C,Clear Simulation Room 4-C and above
trigger_desc_SimulationRoomClearCount1Only_5A,Clear Simulation Room 4-D and above
trigger_desc_AliceSkillBurstLevel,Upgrade Alice's Burst Skill to Lv. {0}
trigger_desc_TowerBasicClear_10075,Clear Floor 75 of the Tribe Tower
trigger_desc_AliceEquipCollectionItemSR,Replace or equip Alice with an SR Collection Item
trigger_desc_AliceEquipCollectionItemLevel,Upgrade Alice's SR Collection Item to Lv. {0}
trigger_desc_InterceptSpecialClearWithCondition,Clear Interception EX Stage {0} and above (includes Interception of higher level)
trigger_desc_AliceEquipItemOverload,Modify the T9 Manufacturer Equipment that Alice is equipped with
datacheck_desc_DailyLoginGame,Log into the game
datacheck_desc_ClearStoryEventStage,Clear Story Event stage {0} time(s)
datacheck_desc_ClearStoryEventChallengeStage,Participate in Story Event Challenge Stage {0} time(s)
datacheck_desc_CheckLevelInfracore,Achieve Infrastructure Core Stage {0}
datacheck_desc_CheckQuantityUserTitle,Own {0} title(s)
datacheck_desc_ClearCampaignEXStage,Clear {0} EX Stage(s) in Campaign
datacheck_desc_CollectCampaignFieldItem,Obtain {0} Lost Relics in Campaign
datacheck_desc_ClearSimulationRoomOverclock,Clear Simulation Room Overclock Ratio 15 or higher
datacheck_desc_EquipFavoriteItemSR,Replace or equip Drake with an SR Collection Item
datacheck_desc_CheckLevelFavoriteItemSR,Upgrade Drake's SR Collection Item to phase {0}
datacheck_desc_EquipFavoriteItemSSR,Equip Drake with Favorite Item
datacheck_desc_StartSoloRaidChellengeStage,Participate in Solo Raid Challenge Mode {0} time(s)
datacheck_desc_StartUnionRaidStage,Participate in Union Raid {0} time(s)
datacheck_desc_CheckQuantityUnlockArchive,Unlock {0} Archive(s)
datacheck_desc_ClearSideStoryStage,Complete Stage 14 of Side Story SECOND AFFECTION
datacheck_desc_StartCooperationEvent,Participate in Coordinated Operation {0} time(s)
